16392	AF-A0A0A0A056
22356	AF-A0A0A0V7D3
44078	AF-A0A0F0I588
59490	AF-A0A0L0CE51
195723	AF-A0A210PJS5
204293	AF-A0A250WY85
241437	AF-A0A2I0IX12
242839	AF-A0A2I0MAP5
246109	AF-A0A2I0TXX5
332941	AF-A0A3C0S5M8
408811	AF-A0A4P0YCC5
520455	AF-A0A670YQL0
609223	AF-A0A7L0RK38
609818	AF-A0A7L0SU51
714092	AF-A0A850U9E9
813058	AF-V4UL40
958473	AF-A0A1C0SPN1
1157450	AF-A0A3C0MT99
1370305	AF-A0A6G0VKP1
1429584	AF-A0A7L0CTU6
1465587	AF-A0A7W0GUD1
1473718	AF-A0A7W0YQ23
1512466	AF-A0A820IU33
1542368	AF-A0A850X6K1
1623908	AF-Q8YG00
1713621	AF-A0A0L0G3W5
1713622	AF-A0A0L0G3Z0
1761493	AF-A0A140LIU4
1916860	AF-A0A2N0PWR3
1916861	AF-A0A2N0PWY2
1990280	AF-A0A3D0DE10
2110982	AF-A0A520R8M8
2176376	AF-A0A6A0GX17
2259910	AF-A0A7L0JTY6
2395082	AF-D3SP40
2472029	AF-W4UQ20
2472172	AF-W5KPB0
2540003	AF-A0A0L0FA65
2772657	AF-A0A340WTI4
2807611	AF-A0A3C0DUL2
2846766	AF-A0A3Q0GH85
2851475	AF-A0A3S0E4L2
3211894	AF-B6TTC0
3373672	AF-A0A0M0JVA1
3523934	AF-A0A2D0RSE5
3917614	AF-A0A7L0X9K8
3924773	AF-A0A7S0ISR5
4054020	AF-E6SUC0
4071711	AF-I0YLC0
4151162	AF-A0A0A0K834
4423629	AF-A0A330LAR6
4672617	AF-A0A6G0J0F7
4861799	AF-B4LYW0
4915626	AF-M3XQ40
5029641	AF-A0A0N0I618
5199554	AF-A0A2I0JAG6
5316074	AF-A0A3M0WB77
5385409	AF-A0A4T0DF47
5457203	AF-A0A5P0X1D7
5560656	AF-A0A7L0BCA1
5574491	AF-A0A7S0CRS2
5676317	AF-A0A8B0DT72
5715830	AF-G1PKB0
5789528	AF-A0A060W6Y5
5823928	AF-A0A0E0NBN2
5915657	AF-A0A1B0Z225
6026231	AF-A0A2I0J7G1
6091098	AF-A0A370PG19
6328877	AF-A0A6G0VPK7
6399358	AF-A0A7N0TZL9
6464328	AF-A0A800LU91
6485068	AF-A0A840MRI4
6570313	AF-M5WKW0
7069030	AF-A0A520QQD9
7108903	AF-A0A5K0ZVK8
7418311	AF-S7N1X0
7934739	AF-A0A5K0XNA6
7998343	AF-A0A6M0AJ05
8050832	AF-A0A7L0WKL2
8053968	AF-A0A7N0VIL5
8236207	AF-Q8N7G0
8270008	AF-A0A060WJB7
8452551	AF-A0A260ZBR4
8608885	AF-A0A410PTV7
8803802	AF-A0A7L0EWW1
8823013	AF-A0A7S0X777
9404517	AF-A0A4U0Y025
9594335	AF-A0A7S0T0W7
9603600	AF-A0A7U0X6W6
9660366	AF-A0A820WLY9
10090648	AF-A0A340X3L5
10129809	AF-A0A3C0PJZ5
10403969	AF-A0A7L0JE60
10497531	AF-A0A840M2L8
10506772	AF-A0A850HGJ4
10513905	AF-A0A850XVL3
10705592	AF-A0A0P0Y5C3
10925993	AF-A0A370BSF4
10993465	AF-A0A3Q0T0B5
11049940	AF-A0A4S0VT93
11202999	AF-A0A730GYM4
11227198	AF-A0A7L0BPN8
11229522	AF-A0A7L0GPG4
11311547	AF-A0A820M753
11315851	AF-A0A830CXP8
11324455	AF-A0A840M686
11383830	AF-G3SMF0
11456507	AF-A0A060XTE3
11486144	AF-A0A0E0E6A5
11527148	AF-A0A0N0XSI9
11531527	AF-A0A0P0VGE3
11677832	AF-A0A2F0AV04
11677951	AF-A0A2F0B3K0
11691619	AF-A0A2I0HUV5
11767909	AF-A0A3A0D8H8
11820076	AF-A0A3Q0T1W3
11948151	AF-A0A5K0ZGL6
12009006	AF-A0A6J0VNX4
12236041	AF-M3Y2N0
12240913	AF-P07470
12291739	AF-A0A090RTB6
12393267	AF-A0A150TM67
12571149	AF-A0A340WMF3
12819515	AF-A0A6G0IQ32
12832271	AF-A0A6J0H0I4
12887301	AF-A0A7L0P0I3
13045752	AF-I1NYK0
13309777	AF-A0A250XUN2
13330880	AF-A0A2E0X7K8
13368588	AF-A0A2N0QE85
13422570	AF-A0A3A0DW95
13583889	AF-A0A5B0KMQ2
13631440	AF-A0A6B0S3Z3
13838661	AF-B9JYW0
14152206	AF-A0A2E0JH68
14195006	AF-A0A2N0R726
14319519	AF-A0A420CQ93
14376495	AF-A0A4Z0Y2X9
14395966	AF-A0A540N488
14411094	AF-A0A5B0N6Z5
14427761	AF-A0A5K0Y4B5
14646498	AF-A0A850V6D0
14750477	AF-W5P5H0
14769589	AF-A0A090MHY3
15050947	AF-A0A340WKK9
15109016	AF-A0A3E0NBF7
15143009	AF-A0A410Q6R3
15222793	AF-A0A540MHK1
15454218	AF-A0A840D925
15644264	AF-A0A0L0CM92
15720364	AF-A0A1F0GKE1
15848113	AF-A0A2N0NMU0
15849031	AF-A0A2N0RUD3
16081067	AF-A0A5K0WW14
16189030	AF-A0A7L0E3Y6
16198067	AF-A0A7L0YIG5
16329565	AF-D7VGE0
16631730	AF-A0A2E0HYM8
16637202	AF-A0A2E0XW45
16755778	AF-A0A3D0Z1R4
16907532	AF-A0A5K0Y1B0
16908316	AF-A0A5K0ZUQ2
16932775	AF-A0A6A0A1B0
17024584	AF-A0A7L0ZCK4
17141365	AF-B3VBV0
17219979	AF-T1HFJ0
17559540	AF-A0A3B0KG89
17594632	AF-A0A3M0JHT4
17607367	AF-A0A3Q0SB60
17781390	AF-A0A6G0TA26
17790534	AF-A0A6J0AX34
18083446	AF-A0A0A0HTG8
18126282	AF-A0A0L0J737
18173984	AF-A0A140TAX9
18809233	AF-D6WLH0
18975267	AF-A0A0Q0D7D7
18982770	AF-A0A0V0GCY3
19154868	AF-A0A2N0RYZ8
19501700	AF-A0A7L0TTF7
19625717	AF-C1BP40
19709786	AF-W5NHD0
19808803	AF-A0A0V0J7B7
19934283	AF-A0A2D0QQX5
20010858	AF-A0A340YDL7
20323069	AF-A0A7L0HUG3
20332284	AF-A0A7N0UML2
20530026	AF-U9UEE0
20758133	AF-A0A1Y1S7Z2
20809048	AF-A0A2I1EZA1
20949654	AF-A0A3Q1IK13
21138900	AF-A0A6J1GSZ7
21197109	AF-A0A7L1P1J8
21232972	AF-A0A7W1PJP7
21269895	AF-A0A821TUC0
21688230	AF-A0A2N1NWT6
21690017	AF-A0A2N1SLY1
21828104	AF-A0A401RXP5
21961545	AF-A0A671NHZ8
22066419	AF-A0A7L1YFV3
22075530	AF-A0A7S1M2Z0
22165842	AF-A0A8B1P2G0
22292356	AF-A0A091L1P6
22518309	AF-A0A2D1CHD2
22538909	AF-A0A2I1HFT1
22630840	AF-A0A3C1LTR7
22692353	AF-A0A401QF53
22732428	AF-A0A4R1YG39
22830769	AF-A0A671YD57
22866858	AF-A0A6J1CNW1
22870541	AF-A0A6J1M976
22925623	AF-A0A7L1LCT8
23018722	AF-A0A851BVM4
23041999	AF-B6QTZ1
23153573	AF-A0A091DBF6
23176893	AF-A0A0D1K074
23791836	AF-A0A7L1P3U8
23915748	AF-D2HYF1
24018316	AF-A0A091CZ53
24256592	AF-A0A2E1XTJ6
24268751	AF-A0A2I1HJN9
24304301	AF-A0A2U1L3C7
24553803	AF-A0A671E093
24571866	AF-A0A6C1BV97
24576220	AF-A0A6G1AJX3
24799475	AF-G3RVC1
24886111	AF-A0A091ITJ2
24887638	AF-A0A091M415
25115328	AF-A0A2E1B649
25229581	AF-A0A3C1X2T2
25272153	AF-A0A3Q1EG75
25398214	AF-A0A5P1EET1
25447480	AF-A0A6G1PT36
25580064	AF-A0A7Z1UVZ0
25613934	AF-A0A851CFZ7
25618723	AF-A0A851MNS4
25620207	AF-A0A851QVR8
25704127	AF-R0K441
25737884	AF-A0A061FTR1
25963313	AF-A0A261AG06
26066268	AF-A0A371HVA3
26076203	AF-A0A381SBB3
26258593	AF-A0A5K1G5T0
26284466	AF-A0A671FEQ0
26350182	AF-A0A6P1WJ16
26376125	AF-A0A7K1PC41
26485821	AF-A0A851SUY2
26488182	AF-A0A851XUT9
26534446	AF-H3AR21
26616273	AF-A0A091JY99
27000584	AF-A0A3Q1BGC3
27213575	AF-A0A6P1TNK4
27314392	AF-A0A811R4C3
27350839	AF-A0A851TZS5
27351453	AF-A0A851VAI4
27377424	AF-D5K9S1
27466235	AF-A0A061E660
27468005	AF-A0A061IDD8
27602354	AF-A0A1E1WRA4
27792736	AF-A0A371DXQ1
27825734	AF-A0A3D1DEF5
27901253	AF-A0A4C1WI37
28111351	AF-A0A7L1G2V6
28178856	AF-A0A811RZE5
28212452	AF-A0A851NMU8
28231472	AF-B8CBZ1
28262777	AF-H2PL01
28343770	AF-A0A091HCI6
28443301	AF-A0A151S938
28466681	AF-A0A1E1WNR0
28850421	AF-A0A5K1CB02
29043455	AF-A0A811QIW9
29163541	AF-R4KKM1
29300444	AF-A0A131XXY8
29456098	AF-A0A2I1ELD6
29457017	AF-A0A2I1GN40
29457313	AF-A0A2I1HAY4
29594442	AF-A0A3Q1AKV7
29747254	AF-A0A671TVL1
29835748	AF-A0A7K1SN56
29842513	AF-A0A7L1ICP1
29843399	AF-A0A7L1KAK9
29874670	AF-A0A7W1BEX7
29909029	AF-A0A811SC26
29962536	AF-B9SBU1
29971515	AF-D5K9R1
29987727	AF-G3NY21
30044628	AF-W0DI31
30073937	AF-A0A091HNS7
30079296	AF-A0A091U555
30080199	AF-A0A091W256
30203316	AF-A0A1G1G3B7
30557570	AF-A0A521V6X4
30615366	AF-A0A6A1UID2
30686022	AF-A0A7C1SYR3
30702966	AF-A0A7K1XX89
30943386	AF-A0A091SQ74
31200503	AF-A0A2N1NA85
31325870	AF-A0A3Q1H0A3
31326875	AF-A0A3Q1JZI0
31337796	AF-A0A401KN52
31445176	AF-A0A5K1DUF6
31564350	AF-A0A7K1QEZ1
31574974	AF-A0A7L1Q8I9
31665524	AF-A0A851A2C0
31683879	AF-A7SDC1
32009194	AF-A0A231UUQ8
32050406	AF-A0A2I1E956
32106599	AF-A0A341AY55
32261235	AF-A0A4X1W768
32287162	AF-A0A521V6X1
32312868	AF-A0A5K1JUB6
32340881	AF-A0A671RVD6
32553525	AF-B4JV81
32598430	AF-K1SG41
32805492	AF-A0A1H1GZU2
33052960	AF-A0A3Q1AIP6
33067504	AF-A0A401LDE6
33090845	AF-A0A4C1Y6D2
33090954	AF-A0A4C1YEW0
33097091	AF-A0A4Q1QYC3
33124447	AF-A0A4X1TDU1
33333395	AF-A0A7W1AGH5
33370668	AF-A0A811YJ71
33442737	AF-F7AKP1
33962747	AF-A0A4Q1RBV7
34066979	AF-A0A671F9V1
34109790	AF-A0A6J1DVX4
34165069	AF-A0A7L1E123
34171906	AF-A0A7L1TTN0
34172573	AF-A0A7L1V9R7
34272333	AF-A0A851ZPP5
34309410	AF-F8UTI1
34386772	AF-A0A061HWQ3
34397526	AF-A0A091F9G8
34399386	AF-A0A091JCH5
34401819	AF-A0A091PJD4
34521442	AF-A0A1E1WKX0
34677752	AF-A0A2T1KD91
34682533	AF-A0A2U1LYG7
34701001	AF-A0A341AWV1
34761404	AF-A0A3M1BRT3
35031679	AF-A0A7L1I413
35065349	AF-A0A7W1E9C9
35086643	AF-A0A7Y1VR90
35136175	AF-A0A851Y5Q6
35223965	AF-S5WES1
35224374	AF-S7MM91
35244884	AF-A0A011T997
35264386	AF-A0A091KF28
35360811	AF-A0A151MF07
35581779	AF-A0A371PRW2
35888803	AF-A0A7K1Q3G8
35893659	AF-A0A7L1CIU3
35897894	AF-A0A7L1LPY1
35902873	AF-A0A7L1XH48
35992077	AF-A0A851F1Z9
36041790	AF-G3YAX1
36046363	AF-H2JWD1
36063470	AF-L8GTP1
36079708	AF-Q8TTS1
36133751	AF-A0A091VSK2
36173403	AF-A0A0L1JHF3
36555076	AF-A0A4Q1FP30
36634929	AF-A0A5K1F316
36864645	AF-A0A851WA13
37115172	AF-A0A1E1W1W3
37277172	AF-A0A2U1MHV0
37348288	AF-A0A3E1BJP4
37514344	AF-A0A651I4N2
37526728	AF-A0A671FP66
37555114	AF-A0A6G1QUV5
37596688	AF-A0A7C1A0R2
37622567	AF-A0A7K1ZQM6
37633974	AF-A0A7L1ZN78
37696210	AF-A0A811ZVY1
37727449	AF-A0A851QJE1
37797168	AF-M3WK61
37808119	AF-Q6IWN1
37863495	AF-A0A091U0H1
38076091	AF-A0A261XVH6
38441409	AF-A0A6J1X0L3
38487387	AF-A0A7K1Z531
38489391	AF-A0A7L1DSJ1
38490112	AF-A0A7L1FC96
38497559	AF-A0A7L1WDR1
38908635	AF-A0A251SF54
38940779	AF-A0A2I1CJE4
38977318	AF-A0A2U1SVI9
39066164	AF-A0A3Q1EFC6
39299404	AF-A0A7S1LJE8
39373681	AF-A0A851LEF0
39449699	AF-A0A061GHF5
39815750	AF-A0A3D1WVW4
39961313	AF-A0A5C1I668
40044525	AF-A0A6J1V045
40099999	AF-A0A7L1SYK2
40111406	AF-A0A7S1LNN5
40124996	AF-A0A7V1LSG5
40326385	AF-A0A091GLU8
40419615	AF-A0A141RGA3
40519750	AF-A0A1Y1I482
40580477	AF-A0A2K1LAA6
40595125	AF-A0A2P1DV97
40689840	AF-A0A3M1BCR9
40811613	AF-A0A521XUS7
41033367	AF-A0A821LAY6
41195794	AF-A0A091RHU5
41372473	AF-A0A1W1HQD2
41533075	AF-A0A3C1QH65
41729059	AF-A0A671SAH2
41731805	AF-A0A671YJY4
41803293	AF-A0A7C1REK3
41821917	AF-A0A7L1ALD3
41926992	AF-A0A851RXK1
41975602	AF-H2L3G1
42423050	AF-A0A412AXM7
42442863	AF-A0A452E5S7
42486331	AF-A0A4V2I309
42531228	AF-A0A532CGD7
42651071	AF-A0A6J2YVA1
42651482	AF-A0A6L2JQ62
42752717	AF-A0A7X2DRQ2
42851488	AF-D5K9R2
42963943	AF-A0A0D2H8T1
43054548	AF-A0A1D2IBS3
43272012	AF-A0A3C2E3R7
43308653	AF-A0A3Q2TTZ1
43323229	AF-A0A412LL40
43340581	AF-A0A452EN08
43365889	AF-A0A4R2L9U7
43456442	AF-A0A5C2SA07
43522911	AF-A0A6D2YBI4
43604484	AF-A0A7L2E2Y8
43610702	AF-A0A7L2SCJ2
43612092	AF-A0A7L2VAQ4
43612403	AF-A0A7L2VY68
44207558	AF-A0A3Q2V5Q9
44241727	AF-A0A452S3H9
44289057	AF-A0A4W2C4K2
44358403	AF-A0A5D2F997
44397139	AF-A0A662YXJ5
44401827	AF-A0A672PPU9
44446390	AF-A0A6J2WP19
44531983	AF-A0A7U2MX61
44696505	AF-Q217V2
44703384	AF-Q9VHS2
44712865	AF-T0S572
44732484	AF-A0A022PU16
44732780	AF-A0A022QG99
44992827	AF-A0A2N2E5W6
45052474	AF-A0A372UIQ3
45105236	AF-A0A3Q2T0L6
45187313	AF-A0A4W2CQB9
45302482	AF-A0A672YHE8
45571548	AF-I3N442
45618675	AF-V8BYD2
45657851	AF-A0A0D2F3C2
46039265	AF-A0A452V5G1
46059872	AF-A0A4R2J8E6
46198237	AF-A0A672PA72
46201715	AF-A0A672ZZJ8
46243410	AF-A0A6L2J8B4
46244953	AF-A0A6L2NDF0
46300971	AF-A0A7L2IHJ7
46395736	AF-A0A842HI41
46408165	AF-A0A852JD45
46430836	AF-B3U4V2
46502640	AF-R6RGJ2
46514867	AF-V5I7F2
46559387	AF-A0A0D2PZK9
46683970	AF-A0A1M2ZCW9
46859006	AF-A0A392NK49
46986952	AF-A0A4X2M942
47022017	AF-A0A532CX26
47135919	AF-A0A6J2EZT3
47138118	AF-A0A6J2N6Z2
47150339	AF-A0A6N2KCL8
47212068	AF-A0A7N2R369
47284000	AF-A0A822ZME5
47304293	AF-A0A852DGH8
47324536	AF-A5ZT52
47460472	AF-A0A0D2UPE6
47469165	AF-A0A0F2R4W0
47715450	AF-A0A2U2DFF9
47816254	AF-A0A412S6H6
47948972	AF-A0A5C2TEY9
48036406	AF-A0A6J2LFN4
48039752	AF-A0A6J2WQX8
48075062	AF-A0A7C2ZIB8
48095865	AF-A0A7L2CZL2
48150915	AF-A0A7Y2FU27
48263843	AF-H6SG12
48287798	AF-O97552
48295489	AF-Q8I4A2
48351898	AF-A0A0D2D9A3
48379501	AF-A0A0K2TW63
48379516	AF-A0A0K2TXE7
48666188	AF-A0A3D2JJJ4
48685902	AF-A0A3M2GSY7
49102178	AF-A0A852G4P8
49145916	AF-E7BTQ2
49179722	AF-M1RIZ2
49187291	AF-Q11K02
49216281	AF-W6Q942
49545559	AF-A0A382AF73
49631934	AF-A0A452SQQ2
49660965	AF-A0A4S2AAG4
49682462	AF-A0A4X2MB64
49703735	AF-A0A512HHV8
49718315	AF-A0A532EBL9
49787653	AF-A0A662ZIZ6
50106403	AF-U4UAX2
50139178	AF-A0A0C2FSV3
50267911	AF-A0A1S2DTI2
50457129	AF-A0A3Q2WXV7
50485905	AF-A0A452QCH3
50562584	AF-A0A532D4Z3
50592921	AF-A0A5D2NAV2
50664302	AF-A0A6J2JXB8
50735982	AF-A0A7S2M5E0
50849952	AF-G3VJ82
51046327	AF-A0A1M2YSX6
51138515	AF-A0A2H2IQX2
51278692	AF-A0A412MCQ8
51349026	AF-A0A4X2LZ23
51385144	AF-A0A532EXH8
51476320	AF-A0A6D2JNJ6
51479869	AF-A0A6G2JLR8
51652723	AF-A0A832TU57
51685237	AF-A3YCH2
51812633	AF-A0A0C2WU79
51865307	AF-A0A0U2K793
51906001	AF-A0A1C2DKE4
51908952	AF-A0A1D2MW53
52062367	AF-A0A2P2I2X5
52285250	AF-A0A542ALZ0
52299444	AF-A0A562CQD0
52413948	AF-A0A6N2UR72
52424037	AF-A0A6Q2YC97
52424613	AF-A0A6Q2ZNR0
52446831	AF-A0A7K2EG69
52472201	AF-A0A7N2LZ70
52678091	AF-W2RZ72
52703402	AF-A0A0B2V548
52775322	AF-A0A162FDB2
52777434	AF-A0A162RUD7
52929829	AF-A0A2G2J7R5
52977068	AF-A0A2U2PJQ0
53093035	AF-A0A452FIR0
53149257	AF-A0A4Y2GVJ9
53181502	AF-A0A532DIC0
53344210	AF-A0A7K2CFR8
53395130	AF-A0A7W2GS56
53697521	AF-A0A1B2EQZ1
53788018	AF-A0A212RAR7
53826651	AF-A0A2G2GC69
53859645	AF-A0A2P2JZV8
53963503	AF-A0A3S2PE60
54051305	AF-A0A4Y2RIY1
54079924	AF-A0A532ETM7
54094279	AF-A0A552UZX6
54278065	AF-A0A7S2TR74
54399351	AF-D4LFS2
54682877	AF-A0A212D512
54728003	AF-A0A2G2N407
54855529	AF-A0A3Q2GRP6
54874724	AF-A0A412ZN28
54952750	AF-A0A4Z2C7E0
55047289	AF-A0A662YZZ1
55050477	AF-A0A672LC67
55070701	AF-A0A6D2W3Y5
55094890	AF-A0A6J2T0K5
55140899	AF-A0A7K2C3P7
55154907	AF-A0A7L2HRX1
55235161	AF-A0A822I3A2
55365476	AF-U2JYB2
55627121	AF-A0A2G2R0I6
56049213	AF-A0A7L2B1T6
56055631	AF-A0A7L2PSS0
56199346	AF-E1ZEZ2
56228189	AF-K1V872
56573322	AF-A0A2V2GF44
56604880	AF-A0A382JH33
56655003	AF-A0A3Q2YT05
56735003	AF-A0A4W2CCH8
56967099	AF-A0A7S2GWS6
56973512	AF-A0A7S2VNQ0
56986074	AF-A0A7W2C7A8
57049334	AF-A0A842P574
57059498	AF-A0A852LAX4
57498038	AF-A0A372QPC2
57509324	AF-A0A392NN67
57569190	AF-A0A412Z6W8
57631264	AF-A0A4V2UK08
57671666	AF-A0A532BX26
57713725	AF-A0A5G2QK62
57747490	AF-A0A672S9T8
57773424	AF-A0A6G2WZF4
57787730	AF-A0A6J2LYG9
57792591	AF-A0A6L2KU45
57813361	AF-A0A6Q2YVE5
57853574	AF-A0A7L2RUM7
57868270	AF-A0A7S2MU85
57886321	AF-A0A7W2GRQ9
57899788	AF-A0A7Y2APC8
57915829	AF-A0A812BFH1
58104445	AF-A0A0D2FDX7
58312802	AF-A0A2E2R8D7
58448279	AF-A0A3Q2FM07
58465046	AF-A0A412NNG1
58663914	AF-A0A6D2WYZ9
58855386	AF-A0A852K1A7
58925630	AF-K7FHS2
59002005	AF-A0A0D2ENQ3
59226061	AF-A0A2I2Y8R3
59278143	AF-A0A2X2YQR0
59298707	AF-A0A382FUU8
59319340	AF-A0A3D2U9Z1
59349441	AF-A0A3Q2XEQ1
59363960	AF-A0A412T6W9
59368924	AF-A0A432IBK5
59464002	AF-A0A522R560
59468899	AF-A0A532DPR1
59587006	AF-A0A6J2VNV8
59836173	AF-P56392
59853994	AF-S9WN62
59947442	AF-A0A0S2PGY2
60483736	AF-A0A6J2N0M8
60550008	AF-A0A7L2T8J9
60567967	AF-A0A7S2WD97
60723390	AF-K7GFY2
60758207	AF-U9U8I2
61110537	AF-A0A3D2CL79
61124226	AF-A0A3F2U8R9
61359578	AF-A0A6D2X0R4
61450775	AF-A0A7L2YL70
61721842	AF-A0A0K2GA59
61943700	AF-A0A2P2HGG3
62332455	AF-A0A7K2P438
62342094	AF-A0A7L2JID0
62347924	AF-A0A7L2WX39
62445773	AF-A0A852CNJ1
62450026	AF-A0A852LN64
62820530	AF-A0A2I2Z693
62910797	AF-A0A3D2MF06
63025198	AF-A0A4W2FIC4
63239028	AF-A0A7L2G4X1
63346449	AF-A0A852H1A5
63451828	AF-U6CPV2
63501044	AF-A0A0D2X3M8
63774091	AF-A0A352DYI5
63810902	AF-A0A3D2TL53
63874605	AF-A0A452S3K5
64031401	AF-A0A672H7J6
64037355	AF-A0A672YHG2
64079171	AF-A0A6J2WNB2
64136671	AF-A0A7L2FR86
64286291	AF-E4XWL2
64385464	AF-A0A0D3AFP8
64539680	AF-A0A1S3ABJ0
64669012	AF-A0A383CUA2
64714847	AF-A0A413SNI1
64820545	AF-A0A5N3VPL7
64882192	AF-A0A6J3QER5
65046074	AF-D5K9Q3
65086740	AF-U9SQC3
65106439	AF-A0A093NT60
65120607	AF-A0A0D3E6U5
65292508	AF-A0A1S3GEI8
65366896	AF-A0A2I3RW75
65442726	AF-A0A3B3QNV1
65470080	AF-A0A3Q3BR98
65574273	AF-A0A533BCH6
65607646	AF-A0A5N3WWG8
65816375	AF-A0A833UR93
65867714	AF-D5K9R3
65883553	AF-G3CIS3
65909110	AF-M3Z463
65961868	AF-A0A093JBZ8
66151747	AF-A0A1S3SYZ8
66286580	AF-A0A373MLA9
66367936	AF-A0A453JSH1
66392095	AF-A0A4R3NS25
66485746	AF-A0A663EMP3
66487003	AF-A0A673A660
66493659	AF-A0A673WQ77
66634498	AF-A0A7X3RYB7
66972819	AF-A0A1J3H577
67115092	AF-A0A2U3ZJ63
67154316	AF-A0A3B3RIK4
67240143	AF-A0A4Q3WGY3
67313034	AF-A0A5E3WX53
67332901	AF-A0A653D0L6
67406828	AF-A0A6V3KBF0
67839935	AF-A0A1M3THS6
67863571	AF-A0A1S3TU71
67998670	AF-A0A373NBD5
68188548	AF-A0A653D0H8
68208216	AF-A0A6A3D291
68303547	AF-A0A7L3V7N1
68305080	AF-A0A7L3YH57
68384005	AF-A0A833XS66
68393137	AF-A0A843X827
68590225	AF-A0A0X3P847
68610802	AF-A0A183BST6
68615694	AF-A0A183M492
68688077	AF-A0A1L3SYI9
68787788	AF-A0A2I3H490
68864282	AF-A0A3B3HP75
68867169	AF-A0A3B3VLN1
68976794	AF-A0A4W3I6R9
69106225	AF-A0A6M3XJR6
69153152	AF-A0A7L3HHQ9
69155499	AF-A0A7L3MFM2
69156157	AF-A0A7L3NUN0
69555749	AF-A0A1Q3K403
69601654	AF-A0A223SA81
69643695	AF-A0A2I3HNI8
69688075	AF-A0A2X3IN09
69885729	AF-A0A5N3W0V7
70225495	AF-X0SL23
70421214	AF-A0A1R3RB68
70486834	AF-A0A2E3RTE0
70499807	AF-A0A2I3MD28
70574542	AF-A0A3B3C8A3
70577426	AF-A0A3B3T8T9
70579888	AF-A0A3B3Z0X2
70589922	AF-A0A3E3DMX3
70603070	AF-A0A3Q3A4E4
70604895	AF-A0A3Q3FNN6
70713929	AF-A0A543BVF4
70725072	AF-A0A553RHU1
70766457	AF-A0A673FMP5
70889206	AF-A0A7U3BZZ6
71019166	AF-G8BGF3
71185504	AF-A0A183VEA7
71248954	AF-A0A1J3EQI4
71278855	AF-A0A1S3A9W7
71290759	AF-A0A1V3FZ58
71407748	AF-A0A353G4L0
71429913	AF-A0A3B3DXX5
71463221	AF-A0A3Q3WQF6
71475513	AF-A0A413RZ66
71621312	AF-A0A673FMF2
71622564	AF-A0A673IH59
71679057	AF-A0A6P3E9R2
71681295	AF-A0A6P3RFA5
71787694	AF-A0A803Y8T4
71839890	AF-A8XP93
71922917	AF-U1HC73
71965420	AF-A0A0D3F2G2
72247259	AF-A0A2U3WJR7
72288949	AF-A0A3B3UBT6
72480334	AF-A0A673LV82
72535250	AF-A0A6P3EQ01
72579329	AF-A0A7L3RKV2
72580442	AF-A0A7L3TX89
72655906	AF-A0A833H806
72669234	AF-A0A843U4G1
72756303	AF-N1LHL3
72798325	AF-A0A023JNZ9
72807352	AF-A0A093QKG2
72887609	AF-A0A183AAN5
72925737	AF-A0A1E3W5G3
73050792	AF-A0A2E3KH08
73064907	AF-A0A2I3G4P1
73142013	AF-A0A3B3HU24
73173581	AF-A0A3Q3MLR7
73173743	AF-A0A3Q3N273
73173880	AF-A0A3Q3NG13
73331461	AF-A0A673A655
73371356	AF-A0A6J3A890
73455827	AF-A0A7U3C025
73572646	AF-E5E7X3
73636719	AF-U9U963
73847274	AF-A0A1S3G0A4
73847714	AF-A0A1S3H5G2
73880473	AF-A0A233V2N1
73922038	AF-A0A2I3SQI0
73958187	AF-A0A2U3Y4A0
73958208	AF-A0A2U3Y731
74228617	AF-A0A6J3HQJ3
74246276	AF-A0A6P3I6B2
74283955	AF-A0A7L3FCZ7
74295069	AF-A0A7M3PY56
74429393	AF-E9LR73
74514730	AF-A0A093GC72
74518437	AF-A0A093XCG7
74603437	AF-A0A183MM26
74849809	AF-A0A3A3HH82
74881076	AF-A0A3Q3F8J3
74881750	AF-A0A3Q3GRW5
74896681	AF-A0A413QQT8
75007837	AF-A0A5C3PT20
75016953	AF-A0A5N3VKH7
75056826	AF-A0A6B3CCU2
75163742	AF-A0A7S3YKY4
75278442	AF-D6S6V3
75373606	AF-A0A093UQB1
75428892	AF-A0A0S3SV31
75458629	AF-A0A183LIP0
75494119	AF-A0A1F3CJN7
75532233	AF-A0A1M3AYE6
75699574	AF-A0A373W2T3
75707976	AF-A0A3B3IE89
75737552	AF-A0A3Q3IEA6
75844819	AF-A0A533YIY4
75897419	AF-A0A673A1Z0
75902389	AF-A0A673SX41
75959512	AF-A0A6P3VXD0
75994111	AF-A0A7L3D180
76010287	AF-A0A7S3DLM1
76064029	AF-A0A803VGR1
76131342	AF-D3DJ63
76298927	AF-A0A143HUG3
76404024	AF-A0A1Q3W5L5
76728685	AF-A0A5N3WGN2
76874652	AF-A0A7S3YJ00
76938348	AF-A0A833YIZ1
76986438	AF-D2IYK3
77059174	AF-V4VT63
77080933	AF-A0A093FDW6
77081783	AF-A0A093HFN4
77134743	AF-A0A0R3R2C7
77168911	AF-A0A183KP34
77171058	AF-A0A183Q6V6
77201979	AF-A0A1E3VUL5
77255159	AF-A0A1Q3LYD7
77342480	AF-A0A2I3LPU3
77343467	AF-A0A2I3RQP2
77417450	AF-A0A3B3CL53
77418530	AF-A0A3B3I3I1
77446474	AF-A0A3Q3BH60
77614667	AF-A0A673WMB1
77771749	AF-A0A803L3U7
77797291	AF-A0A843H2G9
77827783	AF-A8SR93
77961252	AF-A0A0E3ZQZ2
77991401	AF-A0A0R3TB88
78027136	AF-A0A183RG86
78202081	AF-A0A2K3M1A5
78262572	AF-A0A373IPN2
78285286	AF-A0A3D3RS28
78307162	AF-A0A3Q3WQE8
78423555	AF-A0A553QIE4
78451208	AF-A0A643C6Q2
78561522	AF-A0A7L3E3E7
78708094	AF-F0GWH3
78713744	AF-F9MTQ3
78808396	AF-A0A0D3D2X4
78880963	AF-A0A183L842
78913883	AF-A0A1E3W1Y9
78986815	AF-A0A1S3XYC8
79090909	AF-A0A2U3VN36
79092129	AF-A0A2U3Z8S5
79189507	AF-A0A433PRZ4
79202600	AF-A0A453MT63
79287184	AF-A0A5C3QJU9
79415391	AF-A0A7K3YLN3
79536061	AF-A2QX43
79547116	AF-B8XIA3
79649644	AF-A0A093GMN6
79694566	AF-A0A0M3QX91
79837116	AF-A0A1S3GCU4
79990954	AF-A0A3B3ZCY6
80120281	AF-A0A533RKS5
80221318	AF-A0A6J3RVL9
80237491	AF-A0A6P3RJ59
80271742	AF-A0A7L3A014
80426916	AF-G1LV03
80432489	AF-H0WGU3
80498352	AF-A0A023JNJ4
80508584	AF-A0A093X7F0
80592914	AF-A0A183L2N2
80700053	AF-A0A1T3DX86
80769138	AF-A0A2K3JMH1
80830686	AF-A0A373IXD6
80842969	AF-A0A3B3QPZ3
80843881	AF-A0A3B3STG9
80871425	AF-A0A3Q3F6W8
80871442	AF-A0A3Q3F8H6
80875129	AF-A0A3Q3WK94
80954759	AF-A0A4W3I6R6
80974844	AF-A0A533BKX5
81037236	AF-A0A673TBY8
81093402	AF-A0A6P3RKN1
81138349	AF-A0A7L3XA74
81288563	AF-H0VQC3
81364713	AF-A0A093XMI7
81548478	AF-A0A1S3FYU7
81728610	AF-A0A3Q3JWD4
81754189	AF-A0A433E5G3
81791060	AF-A0A4R3K4F2
81983308	AF-A0A7L3BAC2
81983519	AF-A0A7L3BQL4
82053462	AF-A0A803STE0
82115157	AF-C1BQ43
82465867	AF-A0A2E3X4S7
82554360	AF-A0A3B3RW59
82639797	AF-A0A4Q3VSC7
82701677	AF-A0A553NC23
82713155	AF-A0A5E3WYD1
82742202	AF-A0A663LQN5
82953189	AF-A0A8B3IQ10
82966036	AF-B4HLL3
83152901	AF-A0A173XCH8
83158446	AF-A0A183K4Y9
83160174	AF-A0A183NQQ8
83240739	AF-A0A1Q3CAQ9
83244069	AF-A0A1Q3KHJ5
83258516	AF-A0A1S3FNF3
83300977	AF-A0A293NGG6
83369219	AF-A0A2U3XJ23
83404136	AF-A0A383YQX5
83438587	AF-A0A3Q3JZK5
83548192	AF-A0A543FZL9
83642511	AF-A0A6J3RZG0
83930599	AF-A0A093YXD3
84012103	AF-A0A183GS64
84013378	AF-A0A183JHV2
84075087	AF-A0A1I3JJD6
84096528	AF-A0A1Q3D8E4
84412564	AF-A0A553QIC6
84424605	AF-A0A5K3FPX6
84428626	AF-A0A5N3W3T6
84512348	AF-A0A6P3FFS6
84552693	AF-A0A7L3J0D2
84683562	AF-C6JGN3
84686174	AF-D1Z3A3
84728263	AF-M0R5K3
84735796	AF-Q0CKL3
84936618	AF-A0A1J3D702
84967214	AF-A0A1S3AL39
85080075	AF-A0A2U3YN24
85105320	AF-A0A373CQL3
85150497	AF-A0A3Q3N4H2
85161758	AF-A0A413HVT6
85402575	AF-A0A7K3Z160
85411390	AF-A0A7L3SU88
85443577	AF-A0A7W3IJA5
85527815	AF-A9RIB3
85727759	AF-A0A1A8GU90
85777245	AF-A0A1I8I1R6
85802720	AF-A0A1S8VR63
85861250	AF-A0A2E8KM11
86029628	AF-A0A3P8Y9W9
86087878	AF-A0A4Q8MC76
86250711	AF-A0A7C8Z3Z5
86294349	AF-A0A7K8YIK0
86446912	AF-H0I0C8
86468390	AF-M3XPN8
86686299	AF-A0A1S8VDB8
86686465	AF-A0A1S8VQD1
86759347	AF-A0A2J8KHT3
86769562	AF-A0A2M8AHX7
86823234	AF-A0A2V8X8A6
86825273	AF-A0A318BKL7
86884171	AF-A0A3B8PLJ7
87047264	AF-A0A5F8GAB0
87069244	AF-A0A668RS17
87090393	AF-A0A6I8UPK9
87091130	AF-A0A6J8AF92
87094029	AF-A0A6L8C9G7
87115113	AF-A0A6P8K532
87159587	AF-A0A7J8GL48
87170222	AF-A0A7K8F878
87173025	AF-A0A7K8LA58
87276944	AF-A0A848J0D2
87458793	AF-A0A0S8B844
87571125	AF-A0A1S8VBK7
87571338	AF-A0A1S8VSD7
87644329	AF-A0A2J8KHU6
87644764	AF-A0A2J8M3Q7
87795177	AF-A0A3P8QR93
87829161	AF-A0A438JDL7
87859026	AF-A0A4Q8YIE1
87953924	AF-A0A668RGA9
88019637	AF-A0A7C8YK00
88034107	AF-A0A7H8RAU2
88072816	AF-A0A7R8ZIM9
88074267	AF-A0A7S8EKJ2
88154316	AF-A0A838R766
88218269	AF-H2YQ88
88244023	AF-Q0E2T8
88417220	AF-A0A1I8Q1L6
88438262	AF-A0A1S8VAX4
88438299	AF-A0A1S8VDR1
88438311	AF-A0A1S8VEY6
88438328	AF-A0A1S8VG88
88503926	AF-A0A2J8NEP6
88505794	AF-A0A2J8UGY5
88520894	AF-A0A2M8XIJ1
88664831	AF-A0A438CAT2
88778908	AF-A0A668SLS6
88818507	AF-A0A6P8GXS1
88857077	AF-A0A7J8C8Q3
88869792	AF-A0A7K8IGH0
88885734	AF-A0A7S8FFS7
88958205	AF-A0A838UHY8
89104045	AF-A0A0S8FB18
89140011	AF-A0A1A8IF11
89214498	AF-A0A1S8VHZ1
89290651	AF-A0A2J8UXP8
89469806	AF-A0A438D9B7
89507039	AF-A0A4R8K474
89627187	AF-A0A6L8TB34
89643701	AF-A0A6P8K738
89739837	AF-A0A7V8W5X7
89930984	AF-A0A078J2B2
89931008	AF-A0A078J432
89931111	AF-A0A078JBS3
89931132	AF-A0A078JD71
89931145	AF-A0A078JE66
89931218	AF-A0A078JJP9
89931228	AF-A0A078JKF7
89931264	AF-A0A078JN63
89959798	AF-A0A0K8Q531
89959840	AF-A0A0K8Q850
89959857	AF-A0A0K8Q9C2
89963380	AF-A0A0L8GG69
90027815	AF-A0A1A8R1W9
90032535	AF-A0A1B8EAV0
90099305	AF-A0A1S8VCI6
90164673	AF-A0A2G8KSG8
90295764	AF-A0A3B8KUP3
90581200	AF-A0A7K8ANG7
90582718	AF-A0A7K8DXL1
90815482	AF-A0A078I614
91001892	AF-A0A218XZ27
91061115	AF-A0A2J8X2J3
91180811	AF-A0A3B8LXY4
91239302	AF-A0A438E194
91391617	AF-A0A6L8DNA7
91427559	AF-A0A7C8GX19
91469370	AF-A0A7K8JLP1
91470637	AF-A0A7K8MAS5
91473750	AF-A0A7K8TX34
91565017	AF-A0A838NQI7
91566123	AF-A0A838R0F9
91643805	AF-K8PR38
91655840	AF-Q0KKP8
91679439	AF-V5I1B8
91703134	AF-A0A088UB94
91703507	AF-A0A098B527
91757456	AF-A0A0S8FQP8
91757485	AF-A0A0S8FSU4
91788428	AF-A0A178Z6A3
91788450	AF-A0A178Z7T1
91788622	AF-A0A178ZK15
91788681	AF-A0A178ZPM6
91788692	AF-A0A178ZQD9
91788859	AF-A0A198A077
91795859	AF-A0A1A8QWP7
91867502	AF-A0A1S8VEI3
91917314	AF-A0A2D8JXW1
92092644	AF-A0A3P8TZ02
92092645	AF-A0A3P8TZ31
92249739	AF-A0A668A4G3
92274378	AF-A0A6J8F4W4
92276952	AF-A0A6L8HQ44
92338639	AF-A0A7J8C539
92480257	AF-B4PT48
92610878	AF-A0A0K8KZZ4
92679967	AF-A0A1A8QKW7
92751617	AF-A0A1S8VAS6
92751684	AF-A0A1S8VFM9
92751700	AF-A0A1S8VGT6
92751701	AF-A0A1S8VGV5
92751774	AF-A0A1S8VMK9
93051991	AF-A0A4S8MHY1
93184088	AF-A0A6P8VLG0
93236752	AF-A0A7K8H8B3
93379984	AF-E0NJW8
93418220	AF-M3IQ88
93461715	AF-A0A068NG36
93662569	AF-A0A248KGM0
93690655	AF-A0A2D8XN75
93690656	AF-A0A2D8XNA5
93712373	AF-A0A2J8TMM7
93712400	AF-A0A2J8TPW2
93712506	AF-A0A2J8TZJ7
93712552	AF-A0A2J8U3V2
93712697	AF-A0A2J8UGW2
93712870	AF-A0A2J8UXP2
93753705	AF-A0A2S8SPJ2
93753713	AF-A0A2S8SQ44
93798054	AF-A0A358EJ90
93800113	AF-A0A358N4L2
94014312	AF-A0A5T8SH13
94112227	AF-A0A7J8M0C8
94125043	AF-A0A7K8PMI6
94134985	AF-A0A7R8D707
94249554	AF-B4NLG8
94330694	AF-U6DZB8
94411795	AF-A0A0S8HD55
94482474	AF-A0A1G8VDD9
94521205	AF-A0A1S8VCQ8
94521228	AF-A0A1S8VEF6
94534755	AF-A0A1Z8WP07
94626753	AF-A0A2P8NFP7
94775547	AF-A0A438BSM4
94885530	AF-A0A5M8NX86
94922759	AF-A0A6I8NNE7
94922786	AF-A0A6I8NQF3
94922817	AF-A0A6I8NSY1
94922840	AF-A0A6I8NV23
94922930	AF-A0A6I8P2C8
94922931	AF-A0A6I8P2F5
94922972	AF-A0A6I8P676
94923031	AF-A0A6I8PAY5
94923088	AF-A0A6I8PFJ0
94946715	AF-A0A6P8C9H4
94968986	AF-A0A7C8Z4C0
95042416	AF-A0A7V8NUY5
95087668	AF-A0A818MAV6
95151175	AF-E4Z448
95166980	AF-H2MAM8
95221916	AF-W5NRN8
95231636	AF-A0A068SKB5
95453288	AF-A0A2D8BRG0
95570453	AF-A0A358U5D3
95662740	AF-A0A438I2S1
95705083	AF-A0A4S8L1N8
95808175	AF-A0A6I8NYB9
95812169	AF-A0A6J8EDD7
95812170	AF-A0A6J8EDF8
95812191	AF-A0A6J8EEY9
95812211	AF-A0A6J8EGH1
95812230	AF-A0A6J8EHX8
95812258	AF-A0A6J8EKU9
95872118	AF-A0A7I8E0V8
95872314	AF-A0A7I8EHM3
95893971	AF-A0A7K8QJA9
95895317	AF-A0A7K8TEK5
95902997	AF-A0A7R8BTU2
95903091	AF-A0A7R8CDS9
95948069	AF-A0A7X8MPW2
96055741	AF-I3KPE8
96105996	AF-W4FCP8
96113996	AF-A0A058ZXN2
96289828	AF-A0A1S8VBF1
96289835	AF-A0A1S8VBX1
96289999	AF-A0A1S8VP82
96363296	AF-A0A2J8KW00
96451081	AF-A0A358CTS7
96530379	AF-A0A418FVL1
96622868	AF-A0A538RP68
96696904	AF-A0A6J8EZA1
96780937	AF-A0A7K8V4G7
96841346	AF-A0A7Y8HR15
96885325	AF-A0A848VCM7
96919055	AF-E2CI28
96953302	AF-L8HSK8
97039551	AF-A0A0L8JUD8
97052840	AF-A0A0Q8AXA0
97089447	AF-A0A178D287
97154009	AF-A0A1L8GUD7
97174616	AF-A0A1S8VEZ1
97174629	AF-A0A1S8VFW2
97207090	AF-A0A258KCA1
97207140	AF-A0A258KID3
97207192	AF-A0A258KQP9
97207196	AF-A0A258KRA3
97207245	AF-A0A258KWB0
97231178	AF-A0A2E8FFG9
97231218	AF-A0A2E8FIH3
97231234	AF-A0A2E8FJL3
97231285	AF-A0A2E8FVL0
97231355	AF-A0A2E8G125
97373607	AF-A0A3B8RZ90
97646054	AF-A0A7J8CD56
97664125	AF-A0A7K8RY49
97757432	AF-A0A838QP34
97811960	AF-F7BAG8
98037965	AF-A0A1L8F980
98055161	AF-A0A1Q8ZQS6
98059296	AF-A0A1S8VFG1
98124373	AF-A0A2G8KF84
98196995	AF-A0A2V8ZDP3
98260804	AF-A0A3B8Y1X0
98462298	AF-A0A6I8PJ00
98509111	AF-A0A7D8FH82
98509173	AF-A0A7D8IJB3
98509270	AF-A0A7D8U9Y4
98509286	AF-A0A7D8UBN0
98536955	AF-A0A7J8R9U0
98537079	AF-A0A7J8RIV4
98537118	AF-A0A7J8RLW9
98537458	AF-A0A7J8SBR0
98585361	AF-A0A7V8YCZ6
98585373	AF-A0A7V8YDW1
98587717	AF-A0A7W8DZE8
98710389	AF-I4ANQ8
98766071	AF-X5FX98
98825405	AF-A0A0Q8INT2
98943945	AF-A0A1S8VMQ3
98944112	AF-A0A1S8W0R4
99017938	AF-A0A2J8NMJ8
99089924	AF-A0A318UN60
99331289	AF-A0A6A8MYK0
99418258	AF-A0A7J8JBF0
99422515	AF-A0A7J8UEJ4
99426767	AF-A0A7K8DE90
99440329	AF-A0A7N8XIX9
99828556	AF-A0A1S8VET9
99908212	AF-A0A2K8RDW4
99935924	AF-A0A2P8YCI9
99966233	AF-A0A2V8Z8S2
100120056	AF-A0A4R8I0L5
100231060	AF-A0A6I8P5A6
100234941	AF-A0A6J8EB06
100240500	AF-A0A6L8RYT4
100251846	AF-A0A6N8UGU1
100251886	AF-A0A6N8UKH8
100276891	AF-A0A7C8Z076
100276895	AF-A0A7C8Z0G8
100276936	AF-A0A7C8Z3P6
100276977	AF-A0A7C8Z6V2
100276997	AF-A0A7C8Z8F0
100302270	AF-A0A7J8I920
100305969	AF-A0A7J8S610
100306047	AF-A0A7J8SBH2
100306322	AF-A0A7J8SWV9
100543497	AF-A0A078HCH6
100627029	AF-A0A178BZ38
100712742	AF-A0A1S8VDN3
100712766	AF-A0A1S8VFA2
100786860	AF-A0A2J8NP80
100833423	AF-A0A2T8JEQ1
101095310	AF-A0A668AI41
101126176	AF-A0A6L8XWU9
101322885	AF-B1ALM8
101337562	AF-D5K9R8
101338742	AF-D7G0T8
101413714	AF-W5PZ68
101501937	AF-A0A158BHS9
101506490	AF-A0A158PB99
101506498	AF-A0A158PBV3
101511412	AF-A0A178CNW0
101530941	AF-A0A1B8GRY7
101530977	AF-A0A1B8GUN3
101531199	AF-A0A1B8HL12
101531423	AF-A0A1B8NVB1
101531437	AF-A0A1B8NWB6
101531440	AF-A0A1B8NWJ4
101573591	AF-A0A1J8PL84
101573594	AF-A0A1J8PLN6
101596733	AF-A0A1S8VB37
101596885	AF-A0A1S8VM29
101652569	AF-A0A2E8DBT9
101670231	AF-A0A2J8LIB9
101671295	AF-A0A2J8QBW8
101709434	AF-A0A2S8GTB2
101896713	AF-A0A4S8LM48
101918001	AF-A0A518KF73
102014717	AF-A0A6N8B4G0
102023185	AF-A0A6P8DCG3
102071003	AF-A0A7J8J6I3
102081289	AF-A0A7K8H2R0
102480987	AF-A0A1S8VCW0
102489090	AF-A0A1V8RPV0
102545679	AF-A0A2G8JSY0
102590560	AF-A0A2R8MBR9
102735517	AF-A0A438BVS1
102799567	AF-A0A518DJZ7
102821009	AF-A0A5B8B9F2
102954993	AF-A0A7J8J2V8
102972647	AF-A0A7K8XUY4
102973538	AF-A0A7K8ZRH5
103149577	AF-M8AEV8
103161833	AF-R1B3J8
103161858	AF-R1CDK8
103188052	AF-X6M7Q8
103188056	AF-X6MAD8
103206814	AF-A0A0A8K545
103230347	AF-A0A0L8JU71
103230555	AF-A0A0L8L101
103230797	AF-A0A0L8LIP9
103260957	AF-A0A0W8DG90
103260999	AF-A0A0W8DK43
103261065	AF-A0A0W8DQP8
103365182	AF-A0A1S8VC60
103365230	AF-A0A1S8VFG2
103440810	AF-A0A2J8TD70
103475504	AF-A0A2R8ZF34
103621468	AF-A0A438FXH7
103708077	AF-A0A5B8L5K3
103837956	AF-A0A7J8FVK2
104006623	AF-G3S2Z8
104015581	AF-I3S6T8
104166476	AF-A0A178HV40
104228129	AF-A0A1L8F0L2
104249832	AF-A0A1S8W4L4
104432619	AF-A0A378ZUQ4
104656231	AF-A0A6J8ED89
104728424	AF-A0A7J8UHN0
104737162	AF-A0A7K8N2X1
104741071	AF-A0A7K8WDX4
104750445	AF-A0A7R8WX26
104751161	AF-A0A7R8ZJK1
104831508	AF-A0A838NWM8
104866828	AF-C1BGQ8
104874201	AF-D4JJR8
104995872	AF-A0A0K8TQC8
105134297	AF-A0A1S8VCF5
105134344	AF-A0A1S8VFY2
105166146	AF-A0A258IV17
105190267	AF-A0A2E8DJ31
105374705	AF-A0A418ELE7
105421385	AF-A0A4Q8TVK9
105539225	AF-A0A6J8AIJ1
105583033	AF-A0A7C8Z4P9
105694921	AF-A0A7Z8PI53
105747325	AF-B4U7L8
105827762	AF-U5D8G8
105871581	AF-A0A0F8VSE9
106018627	AF-A0A1S8VBP5
106018668	AF-A0A1S8VEK3
106018698	AF-A0A1S8VGW8
106275691	AF-A0A438HA38
106296423	AF-A0A4P8A1F3
106318220	AF-A0A4S8KTD1
106336019	AF-A0A518AWR4
106380091	AF-A0A5F8H3M2
106420935	AF-A0A6I8MZJ9
106451852	AF-A0A6P8XF11
106489285	AF-A0A7J8AP97
106490071	AF-A0A7J8CF63
106544520	AF-A0A7V8YHZ2
106703133	AF-R7DGD8
106729902	AF-A0A068TBH9
106744692	AF-A0A0A8K4N2
106810004	AF-A0A158FL50
106879737	AF-A0A1I8PSL3
106903291	AF-A0A1S8VDS9
106953278	AF-A0A2D8JZE3
106979932	AF-A0A2J8W203
107015291	AF-A0A2S8FME3
107062939	AF-A0A348XZ95
107066078	AF-A0A358KI52
107159702	AF-A0A438FYH6
107306180	AF-A0A6I8PD43
107354532	AF-A0A7F8R825
107378622	AF-A0A7J8KEI6
107380407	AF-A0A7J8Q198
107385895	AF-A0A7K8BTK1
107401413	AF-A0A7R8CD70
107604438	AF-W4UQ38
107767092	AF-A0A1Q4BS98
107859047	AF-A0A2M4AEI6
107859052	AF-A0A2M4AEV9
108086346	AF-A0A5E4CX66
108108267	AF-A0A5N4EG69
108119658	AF-A0A644W874
108216706	AF-A0A7K4R4F2
108295984	AF-A0A834IXI2
108434871	AF-A0A034VN60
108447233	AF-A0A094DAI6
108765917	AF-A0A3D4MZK5
108799226	AF-A0A414VXH5
108812698	AF-A0A444YCW7
108844853	AF-A0A4S4ACL7
108853145	AF-A0A4W4HPZ2
109117253	AF-A0A834V437
109184412	AF-H8X5H4
109214530	AF-Q792A4
109308874	AF-A0A0R4J273
109330335	AF-A0A174S5R2
109588999	AF-A0A3E4MIV0
109632632	AF-A0A484BKA0
109674650	AF-A0A504V422
109708558	AF-A0A564ZD72
109719535	AF-A0A5E4BMS7
109796818	AF-A0A6L4YQR6
109854483	AF-A0A7K4Z791
109918682	AF-A0A804RK96
110143459	AF-A0A174CYA3
110186237	AF-A0A1G4TUY2
110271461	AF-A0A284VUN8
110425600	AF-A0A3S4LWZ6
110536802	AF-A0A5E4CHS2
110558726	AF-A0A5N4DTU1
110626455	AF-A0A6P4MYW1
110739825	AF-A0A814RMR8
110757152	AF-A0A844K9Y3
110832230	AF-L5L2A4
110943705	AF-A0A0S4LB00
110946205	AF-A0A0U4CV73
111010008	AF-A0A1H4RGI7
111044498	AF-A0A1S4CXM2
111352568	AF-A0A5E4BMT0
111560681	AF-A0A834C5W3
111561039	AF-A0A834DE50
111691625	AF-X0TLF4
111779308	AF-A0A174MWT2
111824386	AF-A0A1H4IXW8
112015943	AF-A0A384DU71
112026302	AF-A0A3B4UMF8
112027522	AF-A0A3B4XUU4
112054732	AF-A0A3Q4GBH5
112132523	AF-A0A524HGB2
112157075	AF-A0A564T7B5
112160012	AF-A0A5C4JIM0
112227289	AF-A0A6G4WHK6
112305148	AF-A0A7L4AC54
112308098	AF-A0A7L4GMK4
112383257	AF-A0A834QNY0
112440726	AF-F6Y394
112764300	AF-A0A2P4PQC8
112828452	AF-A0A374JZE0
112977237	AF-A0A5C4JQW1
112988567	AF-A0A5E4FR88
113032017	AF-A0A674PDL4
113115089	AF-A0A7K4J7R0
113127816	AF-A0A7L4M304
113260858	AF-G1T4Q4
113382318	AF-A0A0N4XY92
113607633	AF-A0A2V4CWH8
113637066	AF-A0A354P3L6
113638509	AF-A0A354UQZ4
113748400	AF-A0A4S4E6D2
113790885	AF-A0A564SBL8
113826497	AF-A0A5N4EFS4
113853520	AF-A0A6A4N7E8
113922643	AF-A0A7J4HMI7
113940329	AF-A0A7L4C2I4
113945578	AF-A0A7L4N6M9
114012361	AF-A0A834CVQ9
114078122	AF-G1NUM4
114118628	AF-Q9N234
114364767	AF-A0A2A4YPZ5
114399832	AF-A0A2P4SD62
114454752	AF-A0A354P8B2
114463297	AF-A0A374KR08
114538053	AF-A0A484MFY9
114557178	AF-A0A4R4L0N2
114571435	AF-A0A4W4F8X3
114639812	AF-A0A5J4Z0H3
114643656	AF-A0A5N4EE12
114815183	AF-A0A7Y4WCF6
114888992	AF-F2IV44
115037709	AF-A0A174HSG6
115041029	AF-A0A174VNG3
115055552	AF-A0A1E4DW14
115203312	AF-A0A2T4AY82
115385347	AF-A0A5E4AGA0
115522403	AF-A0A7S4R996
115575285	AF-A0A834QPQ2
115740480	AF-A0A174EV02
115808726	AF-A0A1M4EM98
115880703	AF-A0A2D4J971
116039089	AF-A0A444I133
116178190	AF-A0A674PE78
116266057	AF-A0A7K4V981
116328698	AF-A0A7Y4YIF1
116356236	AF-A0A844QKQ9
116391043	AF-D3U664
116407090	AF-G1PHA4
116417457	AF-I3N004
116481204	AF-A0A024UPR0
116497793	AF-A0A094IPD5
116557047	AF-A0A174DSN2
116559870	AF-A0A174NKW4
116762870	AF-A0A2W4P6F0
116814637	AF-A0A3D4PIX6
116865334	AF-A0A484H3J4
116912952	AF-A0A524HRY5
116990858	AF-A0A674BJL6
117041049	AF-A0A6P4NQ08
117041804	AF-A0A6P4TQ24
117041887	AF-A0A6P4TYP4
117085193	AF-A0A7K4ZFZ6
117089172	AF-A0A7L4HZ02
117130285	AF-A0A7X4B2C5
117247815	AF-L9KKB4
117266826	AF-R5QRU4
117280132	AF-V5HNH4
117312196	AF-A0A094CPS2
117633944	AF-A0A3D4W2C5
117688887	AF-A0A494ZRW1
117766939	AF-A0A5E4BWX3
117777480	AF-A0A5F4DFM6
117795752	AF-A0A5S4VJN2
117853259	AF-A0A6P4CP38
117902189	AF-A0A7L4ANI9
117964843	AF-A0A804M8L3
117988030	AF-A0A844KE05
118012456	AF-B3DH34
118065531	AF-M1AH64
118068276	AF-M5RFW4
118131861	AF-A0A094KB10
118416605	AF-A0A354PE47
118422032	AF-A0A364WLT0
118452126	AF-A0A3E4GTX4
118497125	AF-A0A484CSQ8
118500365	AF-A0A484N8X4
118723058	AF-A0A7L4JMG8
118861854	AF-G9KHW4
119257666	AF-A0A3B4WZ07
119322175	AF-A0A494ZH59
119444618	AF-A0A674MFG7
119487787	AF-A0A6P4F9K7
119529524	AF-A0A7K4LRU6
119610258	AF-A0A834HDQ8
119770615	AF-A0A0B4K6C3
119965666	AF-A0A2D4LCR3
120075747	AF-A0A3B4YZ71
120101926	AF-A0A3P4RP18
120309224	AF-A0A6P4UBB8
120476765	AF-D5K9R4
120510379	AF-K3YLS4
121056341	AF-A0A5N4CRY4
121072732	AF-A0A654GRK4
121078792	AF-A0A674MDY4
121163008	AF-A0A7K4K1X0
121170990	AF-A0A7L4CVF5
121442562	AF-A0A0S4LME8
121444506	AF-A0A0S4XPR1
121458247	AF-A0A174CY22
121630193	AF-A0A2P4SUX3
121873751	AF-A0A5N4DE46
121891858	AF-A0A674ACP9
121896267	AF-A0A674NAU0
121983946	AF-A0A7K4U1N4
121989617	AF-A0A7L4G4L0
122356126	AF-A0A1R4A4K0
122369434	AF-A0A1V4HX32
122447949	AF-A0A2P4UX74
122510479	AF-A0A374JX16
122574517	AF-A0A444GJG3
123051364	AF-A0A0G4FCB4
123063708	AF-A0A0N4VNH4
123091298	AF-A0A164VGM3
123092697	AF-A0A174CGA9
123097233	AF-A0A174SYF5
123194815	AF-A0A1W4VGV8
123318854	AF-A0A354M3E6
123404775	AF-A0A484YGC1
123530910	AF-A0A674NQK9
123617265	AF-A0A7K4RLK9
123843362	AF-A0A084G789
123888580	AF-A0A0Q4P0U4
124196638	AF-A0A414E044
124221017	AF-A0A484WTP5
124391966	AF-A0A6P4JPQ3
124521553	AF-A0A844F8Y6
124674644	AF-A0A0B4XQZ9
124730382	AF-A0A174S4B3
124747401	AF-A0A1E4DNC4
124780001	AF-A0A1I4AJ51
124835926	AF-A0A1Y4N7I0
124888106	AF-A0A2J4V5T5
124957287	AF-A0A364MPE3
124964692	AF-A0A384B413
125036562	AF-A0A484N2N1
125153961	AF-A0A644WWC6
125164347	AF-A0A674NFX5
125209477	AF-A0A6P4KY32
125222042	AF-A0A7C4LPS7
125251528	AF-A0A7K4SSH3
125328525	AF-A0A834EG57
125365616	AF-B3NZT4
125428021	AF-Q2U0L4
125485326	AF-A0A094LC10
125525776	AF-A0A0R4ILE6
125702953	AF-A0A2I4CQF9
125777509	AF-A0A374GHS7
125789344	AF-A0A3B4AN79
125853424	AF-A0A484MZL9
125884772	AF-A0A4V4IMM2
125981104	AF-A0A674NFS4
126024736	AF-A0A6P4GZ52
126140651	AF-A0A814SD11
126182827	AF-B4DJZ4
126265259	AF-U9U184
126444735	AF-A0A1S4BCP2
126495573	AF-A0A2A4VCD8
126526406	AF-A0A2M4AF35
126767159	AF-A0A5J4LH96
126787793	AF-A0A644WB28
126825117	AF-A0A6J4PP32
126884149	AF-A0A7K4PSG5
126965552	AF-A0A834KX75
127092115	AF-W9XAD4
127094568	AF-X5MNZ4
127181797	AF-A0A174S9I0
127348433	AF-A0A2P4PQD0
127426040	AF-A0A3B4FNZ6
127494406	AF-A0A4D4L9K5
127507904	AF-A0A4R4NAR7
127512066	AF-A0A4R4WTN4
127522094	AF-A0A4W4HLJ6
127611725	AF-A0A674BLC2
127661797	AF-A0A6P4P3T6
127684237	AF-A0A7H4K7G8
127836711	AF-E7H6F4
127989226	AF-A0A1C5P064
127989354	AF-A0A1C5P9P0
128102911	AF-A0A285CK17
128155258	AF-A0A2K5DVM6
128309439	AF-A0A415U5W8
128365428	AF-A0A4U5QJY5
128365583	AF-A0A4U5QWI8
128434925	AF-A0A665VAY9
128490923	AF-A0A7C5LUR2
128515675	AF-A0A7K5B5U4
128521230	AF-A0A7K5N3R3
128526184	AF-A0A7K5YPV2
128539720	AF-A0A7V5K470
128695550	AF-R4GEC5
128722652	AF-A0A015KTY8
128979259	AF-A0A2N5TRD9
128983361	AF-A0A2P5D6Q8
128983753	AF-A0A2P5E0V3
129136305	AF-A0A485NSH2
129340645	AF-A0A7M5XLU1
129436344	AF-B4DSP5
129698176	AF-A0A1V5XI60
129899214	AF-A0A3E5EJ85
129942559	AF-A0A455TZR8
129998886	AF-A0A525WAC0
130242533	AF-A8K0X5
130328747	AF-U9TWG5
130418194	AF-A0A1C5NGP8
130551594	AF-A0A2D5E115
130579018	AF-A0A2H5SG38
130709079	AF-A0A3E5E4G1
130728511	AF-A0A3P5YGW6
130852047	AF-A0A5N5WU22
131010400	AF-A0A835AGF7
131227361	AF-A0A1C5MP88
131247512	AF-A0A1G5AS93
131398864	AF-A0A2K5QZ71
131532144	AF-A0A3N5PT34
131610119	AF-A0A4W5PGS1
131640383	AF-A0A5C5YWA3
131649431	AF-A0A5J5MXZ6
131656010	AF-A0A5N5HIY4
131674184	AF-A0A665VBI1
131677998	AF-A0A6A5H9Z5
131712353	AF-A0A6P5D8V6
131755956	AF-A0A7K5DHA9
131757506	AF-A0A7K5GRG6
131780178	AF-A0A7V5QBA5
131814980	AF-A0A815MF83
131865836	AF-B4H6I5
131955109	AF-W6QDT5
132209759	AF-A0A2K5UC47
132316449	AF-A0A3B5MCM5
132316470	AF-A0A3B5ME58
132413851	AF-A0A4U5PUD2
132423647	AF-A0A505HYQ0
132483472	AF-A0A665TRQ9
132566273	AF-A0A7K5DYB0
132573133	AF-A0A7K5TPX3
132580262	AF-A0A7N5JD50
132752255	AF-S7QCM5
132874940	AF-A0A1H5CRC8
132990156	AF-A0A2E5E9T0
133017749	AF-A0A2K5NT68
133153324	AF-A0A3N5S5Z7
133334473	AF-A0A6P5JRI4
133335675	AF-A0A6P5N853
133447237	AF-A0A835QDN9
133652700	AF-A0A1C5BT68
133831752	AF-A0A2K5ZDE1
133879325	AF-A0A2W5GBB4
133978152	AF-A0A415RYC6
134018580	AF-A0A4Q5TK24
134048365	AF-A0A525VJ51
134069938	AF-A0A5C5XBL5
134109724	AF-A0A6A5N460
134191746	AF-A0A7K5QJC1
134265882	AF-A0A845KSS4
134429042	AF-A0A0N5D242
134628575	AF-A0A2H5SFA3
134636193	AF-A0A2K5KEZ2
134737701	AF-A0A395X5K8
134753492	AF-A0A3D5NXZ2
134757894	AF-A0A3E5A181
134805704	AF-A0A485MZS6
134822307	AF-A0A4P5WHL2
134833686	AF-A0A4R5E0C7
134880990	AF-A0A5C5ZPD6
134914236	AF-A0A665V8A2
134958722	AF-A0A6P5WX02
134995187	AF-A0A7K5BPC7
135002811	AF-A0A7K5SZ67
135003888	AF-A0A7K5VA88
135011056	AF-A0A7N5ZW10
135395239	AF-A0A285PR77
135433497	AF-A0A2G5UFQ2
135447148	AF-A0A2K5N686
135448613	AF-A0A2K5REN0
135811773	AF-A0A7K5RSW4
135908315	AF-A3ZRE5
135928017	AF-D5K9R5
135945223	AF-G5BSX5
135983363	AF-Q9TSV5
135999055	AF-V5SIY5
136232707	AF-A0A2K5UC29
136426908	AF-A0A525VS49
136448636	AF-A0A5F5Q4J6
136476488	AF-A0A665VXB0
136576887	AF-A0A7W5N162
136780542	AF-A0A1C5Z834
136865655	AF-A0A1V5XDI2
136918321	AF-A0A2E5DYR3
137077121	AF-A0A3N5I7Q2
137077799	AF-A0A3N5JL45
137106279	AF-A0A445GHW9
137111832	AF-A0A485BS37
137113714	AF-A0A485MLN3
137166750	AF-A0A525W2R7
137222186	AF-A0A665UI81
137224207	AF-A0A6A5BJZ8
137267082	AF-A0A6P5WXR9
137283355	AF-A0A7C5WZS7
137293310	AF-A0A7G5KH49
137358536	AF-A0A7Y5WVR6
137434366	AF-E9PNK5
137703841	AF-A0A285PXH5
137757533	AF-A0A2K5SE60
137851923	AF-A0A395IUU4
137906341	AF-A0A415UAC9
137916023	AF-A0A445GHX9
138073277	AF-A0A6P5NJ70
138076012	AF-A0A6P5VIN9
138122463	AF-A0A7K5X2K7
138128533	AF-A0A7N5P107
138319236	AF-A0A015J257
138355167	AF-A0A0N5AN92
138554350	AF-A0A2H5N693
138561661	AF-A0A2K5DVM7
138561662	AF-A0A2K5DVQ1
138561995	AF-A0A2K5ELW7
138562672	AF-A0A2K5I0N9
138564990	AF-A0A2K5N653
138569117	AF-A0A2K5ZDD9
138724698	AF-A0A445E2X2
139087691	AF-M4FIR5
139122083	AF-W5PT85
139341535	AF-A0A2D5MMY0
139370899	AF-A0A2K5CDE4
139503381	AF-A0A3N5AJK7
139561558	AF-A0A4Q5C9U9
139561826	AF-A0A4Q5GIZ4
139693364	AF-A0A6P5Q6C1
139853689	AF-D2R215
139894333	AF-L8Y8M5
139939799	AF-A0A015LR49
140153219	AF-A0A2D5SMX9
140175928	AF-A0A2H5SFK6
140295670	AF-A0A3D5ABG6
140335852	AF-A0A415UJS3
140346772	AF-A0A445KBP1
140464465	AF-A0A6A5FPF2
140501166	AF-A0A6P5JQW3
140511966	AF-A0A7C5B0K2
140666680	AF-D7SR75
140798346	AF-A0A0U5NX08
140967128	AF-A0A2E5EMX0
141146088	AF-A0A415Y5C8
141153119	AF-A0A445CW02
141312834	AF-A0A6P5QW55
141356652	AF-A0A7K5MIR6
141482628	AF-E9LR75
141522952	AF-Q14CC5
141573913	AF-A0A095ZJ75
141638527	AF-A0A1C5Y0F9
141758552	AF-A0A2A5H1L0
141774042	AF-A0A2D5WI96
141913370	AF-A0A3B5ML00
141934949	AF-A0A3N5GKS0
141962106	AF-A0A445A8I1
142064607	AF-A0A5N5M5Q7
142118890	AF-A0A6P5DSX2
142611862	AF-A0A2K5IV80
142708996	AF-A0A395CVJ1
142855243	AF-A0A5C5VKJ1
142868357	AF-A0A5J5UE05
142890256	AF-A0A665UHD8
142974333	AF-A0A7K5H8Z4
142976075	AF-A0A7K5KZE2
143189090	AF-A0A085TVD5
143253924	AF-A0A1C5NWE1
143416491	AF-A0A2H5WIT9
143424898	AF-A0A2K5QQQ9
143524192	AF-A0A395Y8F7
143532551	AF-A0A3B5MC59
143533046	AF-A0A3B5Q5M1
143784866	AF-A0A7K5J7P6
143951399	AF-P56225
143957187	AF-Q6IWP5
144015393	AF-A0A0F5L541
144066920	AF-A0A1C5V2Q3
144232552	AF-A0A2K5KF03
144352593	AF-A0A3D5VYP1
144386619	AF-A0A425DGV5
144447030	AF-A0A4W5RET5
144476591	AF-A0A5C5Z3A6
144476731	AF-A0A5C5ZDF9
144478802	AF-A0A5F5Q1F4
144796262	AF-X6LBY5
145053354	AF-A0A2N5NWC0
145151076	AF-A0A3B5KC34
145211777	AF-A0A485PE70
145300959	AF-A0A5N5G952
145411286	AF-A0A7K5ZCI9
145510786	AF-B3M0E5
145589582	AF-T1GWG5
145681646	AF-A0A1C5KKL3
145831233	AF-A0A2E5TSL1
145849847	AF-A0A2K5ELY6
146001259	AF-A0A415HJT3
146074364	AF-A0A525WL44
146094253	AF-A0A5C5V1K7
146174388	AF-A0A6P5WX37
146278197	AF-A0A835FIT0
146338636	AF-E3LT25
146347276	AF-F8WFA5
146493464	AF-A0A1C5PE45
146494907	AF-A0A1C5SJD2
146644975	AF-A0A2G5EN08
146802053	AF-A0A3N5Z3S9
146905752	AF-A0A5C5Y4A8
146973536	AF-A0A6L5XC90
146978370	AF-A0A6P5EMJ8
146991560	AF-A0A7C5CTA6
147114118	AF-A0A855X3I7
147195341	AF-Q53CF5
147220655	AF-W5PT25
147251698	AF-A0A0D5LQL6
147315877	AF-A0A1E5W2E2
147423424	AF-A0A285V0R2
147476218	AF-A0A2K5WEM3
147681084	AF-A0A4U5UZB1
147893110	AF-A0A815V3F4
147982734	AF-J1S595
148269183	AF-A0A2D6WYA0
148322440	AF-A0A2P6S764
148437372	AF-A0A3L6PL65
148697222	AF-A0A7J6ATS2
148741792	AF-A0A7W6K9S4
148778749	AF-A0A816IKV4
148837783	AF-D5K9Q6
148859324	AF-H3BC36
149136252	AF-A0A2A6JIV4
149184056	AF-A0A2K6A4F0
149248818	AF-A0A2W6T5I1
149341293	AF-A0A3R6IBY3
149349861	AF-A0A416AY73
149431593	AF-A0A516NAA3
149453876	AF-A0A5C6FZY2
149563446	AF-A0A7C6K1Y1
149598639	AF-A0A7K6PL95
149600175	AF-A0A7K6SXJ9
149716068	AF-C4ZFI6
149883297	AF-A0A1B6JFP3
149884873	AF-A0A1B6PNY4
150045052	AF-A0A2K6NEQ3
150100018	AF-A0A2W6W465
150193009	AF-A0A416Q745
150273047	AF-A0A546X8D9
150280266	AF-A0A5C6E210
150309235	AF-A0A5N6WRS4
150407914	AF-A0A7K6KVK8
150593044	AF-A0A0F6MX41
150625374	AF-A0A126WWA7
150650067	AF-A0A1B6KZU1
150655238	AF-A0A1C6GR51
150934461	AF-A0A376KTF9
150980412	AF-A0A3P6LSW5
151066710	AF-A0A4W6FJ96
151094536	AF-A0A5C6DIN5
151236398	AF-A0A7K6GE49
151249828	AF-A0A7N6FJV5
151291828	AF-A0A7Y6UMG1
151340214	AF-A0A8B6HJH2
151515424	AF-A0A146HGE9
151656938	AF-A0A286HY62
151712920	AF-A0A2K6GV91
151725667	AF-A0A2N6NAY4
151804682	AF-A0A356QPJ1
151878520	AF-A0A416IRE3
152090603	AF-A0A7C6N462
152108132	AF-A0A7J6CAI1
152113929	AF-A0A7J6RSA2
152125723	AF-A0A7K6SCT7
152147605	AF-A0A7V6ZFV6
152148880	AF-A0A7W6CM22
152196529	AF-A0A836AD77
152259805	AF-F6Y386
152378433	AF-A0A0Q6C9T1
152684067	AF-A0A356AJV6
152761722	AF-A0A416FL12
152993517	AF-A0A7J6FPG9
153011435	AF-A0A7K6VZM0
153017680	AF-A0A7N6BPW8
153017861	AF-A0A7N6C5X3
153201101	AF-U6DNX6
153202699	AF-V4MF86
153302440	AF-A0A1B6JUV9
153481296	AF-A0A2K6GV64
153484880	AF-A0A2K6SH59
153613908	AF-A0A3L6FWX8
153616667	AF-A0A3L6RJR9
153630709	AF-A0A3P6DGG3
153635399	AF-A0A3R6GJP3
153649728	AF-A0A416R461
153773386	AF-A0A5N6HGH3
153876662	AF-A0A7J6C202
153957697	AF-A0A816J1U5
153962241	AF-A0A816ZJ65
154142930	AF-A0A0M6WQ86
154232567	AF-A0A1I6T9L9
154365742	AF-A0A2K6GZQ6
154367954	AF-A0A2K6PIK3
154512437	AF-A0A3N6RR08
154528822	AF-A0A416BPN1
154629227	AF-A0A5B6YJS1
154630374	AF-A0A5C6B981
154811547	AF-A0A7X6CWT3
154829573	AF-A0A7Y6XCC4
154902082	AF-D7UE66
155031018	AF-A0A0Q6BLM4
155316234	AF-A0A2Z6LT19
155384312	AF-A0A3L6QE34
155435768	AF-A0A446VPJ5
155732957	AF-A0A836AI80
156119216	AF-A0A2H6A0A9
156201256	AF-A0A2Z6PH01
156208826	AF-A0A316NPT8
156282763	AF-A0A3P6DLF9
156298404	AF-A0A416H1V7
156302109	AF-A0A416S897
156369514	AF-A0A4W6C0S8
156423453	AF-A0A5N6DME9
156541929	AF-A0A7K6J9L7
156548747	AF-A0A7K6YV50
156792697	AF-A0A0L6UYW6
156845531	AF-A0A1C6KQ54
157017116	AF-A0A2K6GGS6
157019931	AF-A0A2K6QEQ1
157085241	AF-A0A2Z6QI15
157181601	AF-A0A416FA70
157307888	AF-A0A5N6EAU0
157422739	AF-A0A7K6BHI1
157905812	AF-A0A2K6TSY4
158019416	AF-A0A3A6GJW5
158316470	AF-A0A7K6VRW6
158381625	AF-A0A816VJ48
158537397	AF-A0A096NJD1
158614675	AF-A0A1C6KL42
158732166	AF-A0A286TXU2
158788738	AF-A0A2K6PH91
158854628	AF-A0A2Z6QMB7
158908800	AF-A0A3B6ERS5
158951384	AF-A0A416GY73
158952864	AF-A0A416LC03
159079252	AF-A0A5N6JJ43
159271168	AF-A0A836CU43
159455118	AF-A0A0Q6LSE1
159480139	AF-A0A166XAV8
159663774	AF-A0A2J6LEK2
159671738	AF-A0A2K6KY26
159824501	AF-A0A3R6ES47
159831540	AF-A0A3R6Y8U4
160031460	AF-A0A6P6RDA2
160291094	AF-A0A016UIH1
160623974	AF-A0A2Z6RY68
160718093	AF-A0A416AXE4
160741925	AF-A0A446WMA2
160820622	AF-A0A5C6D2M6
160922823	AF-A0A6S6YFK8
160935050	AF-A0A7C6SVL6
160975491	AF-A0A7N6B1Q5
161507021	AF-A0A2Z6NKH7
161507435	AF-A0A2Z6PHR7
161581610	AF-A0A3N6A7G9
161586396	AF-A0A3N6RU18
161607024	AF-A0A416NW36
161712348	AF-A0A5C6WMZ1
161798090	AF-A0A6P6K5Q0
161853036	AF-A0A7K6TMD5
161860190	AF-A0A7N6B5M3
161923487	AF-A0A836ACN0
161998280	AF-H9H7Y6
162074862	AF-A0A096MHH2
162113346	AF-A0A0Q6YSH4
162150628	AF-A0A1C6GGL9
162489113	AF-A0A416EMA4
162589163	AF-A0A5C6AMB6
162621441	AF-A0A5N6T4Q2
162681568	AF-A0A6P6FRP3
162825223	AF-A0A846T682
162915642	AF-R0CBL6
163028555	AF-A0A1B6GN07
163137632	AF-A0A226PLQ6
163207435	AF-A0A2K6CTC0
163364241	AF-A0A3R6LBF2
163472628	AF-A0A5B6Z4S3
163506893	AF-A0A5N6VRT0
163556854	AF-A0A6L6XAX7
163718452	AF-A0A8B6DQW1
163720263	AF-A0A8B6HN39
163774872	AF-J9M8L6
163782235	AF-L8Y2Y6
164089844	AF-A0A2K6A4A8
164329541	AF-A0A4W6C6H8
164330998	AF-A0A4W6FGH3
164491588	AF-A0A7J6KLU9
164491669	AF-A0A7J6KTD7
164569809	AF-A0A816K4C1
164604866	AF-A0A8B6HHI9
164776048	AF-A0A136IJZ3
164979234	AF-A0A2K6LNG7
165085593	AF-A0A376Y6K4
165333146	AF-A0A6P6A5U0
165335768	AF-A0A6P6HUI9
165390410	AF-A0A7K6QTL4
165685109	AF-A0A1B6PNY2
165688036	AF-A0A1C6E3R1
165863338	AF-A0A2K6K8I4
166190743	AF-A0A6I6DGT3
166222008	AF-A0A6P6LBN5
166310396	AF-A0A7X6FGP4
166389187	AF-B9JYF6
166468915	AF-V4QSK6
166746179	AF-A0A2K6E6R5
166854082	AF-A0A376U0Z4
166886873	AF-A0A3M6TT25
166933392	AF-A0A446VPI8
166975779	AF-A0A4U6CDY9
167046764	AF-A0A5N6ZN65
167111320	AF-A0A6S6NFR9
167125625	AF-A0A7C6PN01
167141839	AF-A0A7J6B981
167145451	AF-A0A7J6KL89
167154489	AF-A0A7K6FMT6
167163373	AF-A0A7K6ZRK1
167167927	AF-A0A7N6BRD3
167272767	AF-B8NCY6
167635591	AF-A0A2K6TEZ2
167800121	AF-A0A416RXT6
167818194	AF-A0A446WM76
167989049	AF-A0A6P6HB63
167989618	AF-A0A6P6IMN8
168041480	AF-A0A7K6KGV9
168042721	AF-A0A7K6N3N1
168167330	AF-D5Q496
168182065	AF-G1QFP6
168344007	AF-A0A1C6JNP9
168444311	AF-A0A226NGK7
168520265	AF-A0A2K6TEV0
168713970	AF-A0A496UNN8
168744858	AF-A0A4U6BT00
168815430	AF-A0A5N6Y9F4
168922242	AF-A0A7K6CHR6
168937391	AF-A0A7N6FC46
169043478	AF-C1BM16
169170660	AF-A0A0J6VVX1
169226144	AF-A0A1C6F5D7
169236673	AF-A0A1D6PND0
169468056	AF-A0A2Z6P9W7
169468308	AF-A0A2Z6Q4I6
169517896	AF-A0A3A6G5W7
169548893	AF-A0A3P6BMJ6
169629421	AF-A0A4U6H7R4
169665623	AF-A0A5C6C9Z6
169698084	AF-A0A5N6UX48
169953981	AF-G7MRH6
169986645	AF-Q53CF6
170117134	AF-A0A177QNA5
170118554	AF-A0A177U1J2
170187471	AF-A0A1M7KJX6
170310390	AF-A0A2R7IUD3
170411335	AF-A0A3L7VDQ4
170432861	AF-A0A3Q7WJP4
170443246	AF-A0A417BB32
170448150	AF-A0A417NLB0
170456662	AF-A0A437BP72
170716870	AF-A0A7T7HBW9
170892327	AF-U6D9E7
171165022	AF-A0A2E7SSB3
171262954	AF-A0A357WWE1
171328540	AF-A0A3R7Y3E3
171335479	AF-A0A417K553
171411701	AF-A0A517TR40
171521800	AF-A0A6P7MSD3
171575881	AF-A0A7J7SAI4
171578477	AF-A0A7J7YTE2
171732414	AF-G9K147
171776916	AF-S7V8W7
171799121	AF-A0A067DLK3
171815569	AF-A0A087R2T7
171927664	AF-A0A1F7ZPY7
172464274	AF-A0A7J7PNM4
172470468	AF-A0A7K7E2S7
172547524	AF-A0A817K6I2
172590133	AF-B4K8T7
172641313	AF-L8YG07
172705959	AF-A0A087Y0F9
172866798	AF-A0A1U7R531
173234259	AF-A0A6P7KFA9
173329803	AF-A0A7W7YR00
173398233	AF-D3Z377
173398302	AF-D4CC97
173398880	AF-D5K9R7
173429616	AF-Q6MG27
173722324	AF-A0A2M7NJR8
173820806	AF-A0A387LA58
173836208	AF-A0A3L7H408
173874033	AF-A0A417E264
174063794	AF-A0A6P7SHU4
174116554	AF-A0A7J7RL95
174116901	AF-A0A7J7SG96
174123839	AF-A0A7K7I877
174330474	AF-W5UFL7
174382425	AF-A0A0L7KVG2
174432222	AF-A0A177F4R8
174627393	AF-A0A2P7RHJ0
174693145	AF-A0A357TFU0
174737534	AF-A0A3M7MYH0
174751160	AF-A0A3Q7TWC8
174763883	AF-A0A417EJ58
174767736	AF-A0A417Q0N7
174904832	AF-A0A667GX81
175000474	AF-A0A7J7D742
175021298	AF-A0A7K7YV75
175295823	AF-A0A0S7ZK89
175359831	AF-A0A1G7C132
175428247	AF-A0A1U7QXX8
175653215	AF-A0A417D8Y5
175654522	AF-A0A417GQ65
175722775	AF-A0A4Y7RI12
175963553	AF-A0A7Y7H0N7
176052875	AF-G9L0C7
176085764	AF-Q6FGI7
176108230	AF-W2S4E7
176119561	AF-A0A067DHV4
176181821	AF-A0A0S7IEH1
176224531	AF-A0A1B7N271
176275293	AF-A0A1I7XT56
176318975	AF-A0A1U7UMI3
176532243	AF-A0A3R7AQU3
176542887	AF-A0A417DWC7
176675766	AF-A0A5N7EXE7
176683606	AF-A0A667GT34
177104206	AF-A0A177PKH8
177165749	AF-A0A1J7CD63
177358246	AF-A0A357EDP4
177414930	AF-A0A3P7LT05
177418062	AF-A0A3Q7NKY3
177435251	AF-A0A417KS70
177441940	AF-A0A427NBM4
177679579	AF-A0A7K7C2E9
177804225	AF-C0PI37
177810395	AF-D2HFU7
177812733	AF-D5K9Q7
177820228	AF-E9LR77
177829962	AF-G5C297
177957238	AF-A0A0Q7V5R0
178051253	AF-A0A1I7NDM7
178140691	AF-A0A2D7EEP7
178175010	AF-A0A2M7XR00
178564800	AF-A0A7J7QWJ6
178565375	AF-A0A7J7SBF8
178822537	AF-A0A0F7FTZ6
178985063	AF-A0A1U7M5N0
178987740	AF-A0A1U7UKY6
179015237	AF-A0A287DBG6
179018222	AF-A0A287MML6
179092653	AF-A0A2T7DA85
179186153	AF-A0A3M7NKW1
179198737	AF-A0A3Q7RUK4
179399760	AF-A0A6P7JJ42
179466182	AF-A0A7K7S6N8
179584245	AF-C1BKI7
179639382	AF-Q08CE7
180234498	AF-A0A5N7DEY1
180347183	AF-A0A7J7Y1T9
180375125	AF-A0A7T7HNV7
180499486	AF-G5BK07
180515118	AF-K2BFR7
180529685	AF-Q0KKP7
180721066	AF-A0A1I7NMS4
180739850	AF-A0A1N7AQL7
180914456	AF-A0A337SVP6
180973018	AF-A0A3P7DT41
181187328	AF-A0A6S7GXU6
181203915	AF-A0A7C7GSG1
181227938	AF-A0A7J7C3Z6
181234863	AF-A0A7J7RVB0
181238688	AF-A0A7K7B6S9
181357439	AF-B1ALM7
181701271	AF-A0A2D7H844
181776734	AF-A0A2V7R8H8
181845434	AF-A0A3L7JF79
182132036	AF-A0A7K7I1E7
182287486	AF-I3MW67
182343220	AF-X1SDT7
182423073	AF-A0A117SGE5
182655141	AF-A0A2T7LI54
182710750	AF-A0A377AKS8
182912646	AF-A0A667GZA4
182914881	AF-A0A667ZID1
183078662	AF-A0A7X7XM70
183256552	AF-A0A087VHS9
183297207	AF-A0A0Q7X0K4
183436127	AF-A0A1U7QM75
183467737	AF-A0A287MBC5
183482073	AF-A0A2D7L133
183660751	AF-A0A417D5K8
183661071	AF-A0A417DT90
183662389	AF-A0A417HBJ9
183665720	AF-A0A417RAD9
183673723	AF-A0A437DJV2
183790013	AF-A0A5K7XNQ7
183899462	AF-A0A7J7HEY6
183908580	AF-A0A7K7D0S7
183911648	AF-A0A7K7JJN1
183962225	AF-A0A7X7KBR4
184052902	AF-F6URT7
184146791	AF-A0A087YPV3
184325240	AF-A0A1U7QGS1
184357039	AF-A0A287MMI4
184538458	AF-A0A3Q7UFG8
184682881	AF-A0A5N7CDG2
184795990	AF-A0A7J7Y617
184803976	AF-A0A7K7QGN0
184805654	AF-A0A7K7U085
184818333	AF-A0A7R7YDU8
184982223	AF-Q5EVF7
185032066	AF-A0A087LXN0
185067055	AF-A0A0P7V9X9
185076244	AF-A0A0Q7XZS0
185078937	AF-A0A0S7I135
185227598	AF-A0A1X7VAW2
185270312	AF-A0A2E7NL79
185297804	AF-A0A2N7Q4N8
185379337	AF-A0A377BR94
185428675	AF-A0A3Q7XK90
185836090	AF-G3NMI7
185844961	AF-I3KPE7
186104660	AF-A0A1U7SKN9
186276917	AF-A0A397C4N0
186360626	AF-A0A4D7JIR3
186585207	AF-A0A7K7VZV1
186608850	AF-A0A7V7CYG8
186730069	AF-H1BAQ7
186736576	AF-I8AC97
186742468	AF-K2CTU7
186796865	AF-A0A067GI98
186845985	AF-A0A0P7V6Q4
186887833	AF-A0A177F2X3
187167054	AF-A0A397BI86
187222145	AF-A0A417KDD7
187245414	AF-A0A497PB77
187300078	AF-A0A517YHV6
187465085	AF-A0A7J7YYH5
187618858	AF-G9PY07
188021559	AF-A0A317UAW4
188212344	AF-A0A5B7DKV1
188304264	AF-A0A6S7GU57
188332021	AF-A0A7D7ZQT7
188363648	AF-A0A7K7TCI4
188497803	AF-F1N017
188931443	AF-A0A367FTU9
188964429	AF-A0A3L7SMK5
188998466	AF-A0A417D1J5
189001514	AF-A0A417KJF8
189002161	AF-A0A417MDX6
189142057	AF-A0A667ZIF8
189186391	AF-A0A6P7JFG0
189221962	AF-A0A7D7ZZA8
189255404	AF-A0A7K7XEF3
189256313	AF-A0A7K7ZEE9
189416333	AF-L5JTZ7
189416368	AF-L5KJK7
189725318	AF-A0A2G7FYA8
189780608	AF-A0A2V7KPE1
189836374	AF-A0A397DJX7
189892802	AF-A0A417R5E0
190029765	AF-A0A667J4G3
190105348	AF-A0A7C7U5P8
190111006	AF-A0A7D7ZTF5
190136711	AF-A0A7K7FKK9
190143417	AF-A0A7K7V1Z1
190555604	AF-A0A1U7ZU58
190764353	AF-A0A3Q7RWH2
190779511	AF-A0A417IU26
190780498	AF-A0A417L708
190792773	AF-A0A437SAI8
190794219	AF-A0A447IGS2
190853833	AF-A0A517N3B2
190973750	AF-A0A6S7K1N3
191026411	AF-A0A7K7G2C8
191531489	AF-A0A2P7SGR4
191631506	AF-A0A3L7PAW1
191640918	AF-A0A3M7MM49
191653081	AF-A0A3Q7PEB0
191666845	AF-A0A417D155
191746243	AF-A0A517U6R2
191798771	AF-A0A5N7B0H9
191863728	AF-A0A6S7LH87
191918334	AF-A0A7K7KKI4
192132294	AF-A0A059CKC4
192238946	AF-A0A1Z9QLV4
192266459	AF-A0A0F9J9J6
192453865	AF-A0A1V9YH64
192467522	AF-A0A059NTY8
192743920	AF-A0A179BIT1
193047170	AF-A0A0F9WPH3
193167865	AF-A0A0N9XKN0
193343262	AF-A0A1W9J1U2
193353983	AF-A0A059B0F4
193360922	AF-A0A099I3E1
193645724	AF-A0A1E9AG37
193663091	AF-A0A1L9N4F2
193777299	AF-A0A1Q9DKR4
193798715	AF-A0A059B0D3
193827891	AF-A0A0J9UFI7
193962705	AF-A0A149RTY1
194199674	AF-A0A1E9DHS8
194465708	AF-A0A059NTV3
194563403	AF-A0A1W9G9L7
194592188	AF-A0A0D9SDJ3
195104641	AF-A0A1J9R3Y8
195148789	AF-A0A0D9WU29
195445194	AF-A0A1S9DCZ5
195583414	AF-A0A0A9G0A9
195808594	AF-A0A0A9WIX5
195883247	AF-A0A1L9RSS1
195908597	AF-A0A059NTZ5
195966249	AF-A0A1A9G0X6
196039884	AF-A0A0F9EUY7
196114693	AF-A0A1U9Z2L5
196229093	AF-A0A1W9IM85
196351210	AF-A0A059C628
196364602	AF-A0A0A9ZC90
196470119	AF-A0A099YWJ7
196867777	AF-A0A1F9M9C6
196901381	AF-A0A1Z9ET09
196951725	AF-A0A0S9RD95
197186539	AF-A0A199VCX6
197373675	AF-A0A0F9GJ92
197438620	AF-A0A1L9RFQ3
197638991	AF-A0A1B9UV26
197862202	AF-A0A349VHA4
198072149	AF-A0A2Y9JHA8
198252604	AF-A0A2D9CBB4
198337757	AF-A0A3P9HQ32
198501706	AF-A0A2R9CIL5
198528062	AF-A0A359FV79
198592148	AF-A0A2E9VUB4
198849266	AF-A0A2Y9HLV8
198960891	AF-A0A2Y9HY23
199054474	AF-A0A2N9HZT9
199057869	AF-A0A2R9BMQ7
199071789	AF-A0A2Y9EFT8
199071833	AF-A0A2Y9EQM2
199073274	AF-A0A2Y9MIF2
199355103	AF-A0A259I6M0
199407642	AF-A0A319ANQ1
199568748	AF-A0A3R9ZNX3
199627608	AF-A0A2Y9EN99
199724384	AF-A0A2R9BNH4
199786123	AF-A0A3Q9U3T5
199834740	AF-A0A2R9BN60
200118400	AF-A0A3Q9K624
200191822	AF-A0A349NNV1
200286152	AF-A0A2V9AFN2
200324274	AF-A0A3B9XZ33
200404827	AF-A0A2Y9P524
200517391	AF-A0A319CVZ8
200559728	AF-A0A3P9NJY4
200766555	AF-A0A3B9QIB2
200803676	AF-A0A2C9LLM8
201395393	AF-A0A2V9A394
201409915	AF-A0A349EIR2
201570587	AF-A0A239WTY8
201605579	AF-A0A2N9EVI0
201639857	AF-A0A369QQM2
201720256	AF-A0A2P9HL25
201736131	AF-A0A2Y9LGY7
202181074	AF-A0A2Y9I0H6
202394848	AF-A0A2U9BYX4
202403619	AF-A0A2Y9K075
202558241	AF-A0A3P9JRF2
202668688	AF-A0A3P9AQV3
202733144	AF-A0A2V9KZV3
203004610	AF-A0A3P9K8B5
203211722	AF-A0A3B9K724
203318196	AF-A0A6I9ZKD3
203345988	AF-A0A7K9M924
203442954	AF-A0A7D9MED5
203566059	AF-A0A7K9DDW5
203633241	AF-A0A669BMX6
203636483	AF-A0A699JN09
203754735	AF-A0A6F9WVN5
203874832	AF-A0A6I9ZU88
203903144	AF-A0A7K9NNQ1
204018594	AF-A0A419T449
204081706	AF-A0A699NHH8
204081928	AF-A0A699PQA8
204191741	AF-A0A699NQQ4
204205928	AF-A0A6I9X6D0
204206392	AF-A0A6I9ZH34
204232525	AF-A0A7K9E127
204302748	AF-A0A699KR30
204438134	AF-A0A7B9JTE0
204455267	AF-A0A7K9GDK1
204536709	AF-A0A6I9ILN0
204567113	AF-A0A7K9J8K0
204582686	AF-A0A4D9ZG87
204617343	AF-A0A5F9DHE7
204658962	AF-A0A6P9F203
204758960	AF-A0A6I9IRM7
204785088	AF-A0A7J9N8N7
204806527	AF-A0A4P9XPW8
204858615	AF-A0A699P7V4
204871668	AF-A0A6I9RLK1
204881070	AF-A0A6P9ES34
204968708	AF-A0A699MG36
205085138	AF-A0A6F9AHN5
205131534	AF-A0A429YR07
205139122	AF-A0A4P9Z3S4
205159427	AF-A0A519UGG3
205226051	AF-A0A7J9D7X6
205324810	AF-A0A6P9EFM5
205343127	AF-A0A7K9F6E3
205505288	AF-A0A5F9DVL1
205505935	AF-A0A5J9T0R9
205565990	AF-A0A7K9I4I3
205580790	AF-A0A4D9AYA1
205617461	AF-A0A5J9T0P4
205654082	AF-A0A6N9B5G1
205657780	AF-A0A6P9BQW6
205681798	AF-A0A419GF85
205758719	AF-A0A6I9K148
205759071	AF-A0A6I9LPA7
205789199	AF-A0A7K9L4T1
205812716	AF-A0A4R9VW14
205880492	AF-A0A6P9EI85
205880564	AF-A0A6P9EYP7
205898036	AF-A0A7K9BSR2
206074291	AF-A0A669B2A9
206078240	AF-A0A699N829
206118060	AF-A0A7K9APY7
206118740	AF-A0A7K9DLA1
206188677	AF-A0A699LS22
206407121	AF-A0A669CTH6
206422906	AF-A0A6I9LXP1
206546358	AF-A0A7C9CIY5
206552440	AF-A0A7G9WD49
206578342	AF-A0A4D9C4A5
206591360	AF-A0A4U9DED8
206740784	AF-A0A669EVH2
206763651	AF-A0A6N9LIX4
206814078	AF-A0A4U9JYK7
206854198	AF-A0A699GUM2
206873795	AF-A0A6N9AQ25
206874926	AF-A0A6N9JS03
207002830	AF-A0A7J9FTY7
207059701	AF-A0A5J9T0N2
207076546	AF-A0A699H196
207299070	AF-A0A699IST2
207435886	AF-A0A7C9CLM0
207612231	AF-A0A5B9PB91
207647451	AF-A0A6I9RL10
207656671	AF-A0A6P9FBB7
207717107	AF-A0A549T7Z7
207722781	AF-A0A5B9QM14
207743252	AF-A0A679JT66
207750773	AF-A0A6F9CJU0
207819562	AF-A0A509C508
207837790	AF-A0A5J9T0F3
207856269	AF-A0A699PXS0
207883724	AF-A0A7C9VMC9
207980168	AF-A0A6I9VUH2
207994995	AF-A0A7D9MDG9
208105499	AF-A0A7C9VA17
208188677	AF-A0A699L819
208276225	AF-A0A5A9NYX6
208469750	AF-A0A4P9EG92
208634615	AF-A0A699NB03
208850629	AF-A0A849S3R1
208952563	AF-A0A819NQN7
209481407	AF-Q9DAC9
209485583	AF-S7MIG9
209562726	AF-A3WX99
209607175	AF-V4LTQ9
209646673	AF-A0A7X9JBV5
209716265	AF-Q5TM49
209883998	AF-A0A7X9N1E4
209935871	AF-G5KHT9
209970112	AF-A0A7K9Y841
210038888	AF-B4QYL9
210400485	AF-D5K9R9
210686565	AF-A0A7R9YGS5
210739465	AF-A0A849RQT1
210917142	AF-A0A7N9AQ74
210990409	AF-D5K9Q9
211088126	AF-A0A839SUS2
211103846	AF-C0ESU9
211163728	AF-A0A7T9SCA1
211266575	AF-A0A7K9PM30
211495000	AF-U2CJ59
211505159	AF-A0A7K9ZMJ0
211616421	AF-W1EZM9
211674443	AF-A0A829YBJ9
211740365	AF-A0A7K9UTM7
211842953	AF-Q8SPJ9
212066519	AF-J3QRR9
212163803	AF-B3TPQ9
212330115	AF-A0A7K9VRL3
212366856	AF-A0A7Y9KRI7
212585352	AF-A0A7V9FE53
212744983	AF-A0A849U141
212800189	AF-A0A7K9U0J8
212868221	AF-A7VKD9
213373666	AF-Q7YR49
213471161	AF-F6LCA9
213492688	AF-Q9U3V9
213708956	AF-G3IA19
213830443	AF-H9F4J9
214061546	AF-F8WCI9
214166620	AF-B4G3Q9
214213794	AF-A0A7K9QJA8
214328034	AF-W5PJV9
214411316	AF-E9LR79
214413413	AF-F6U7N9
214450285	AF-A0A7K9XJ20
214512144	AF-A0A849YEU7
214533443	AF-G3NFM9
